web-scraper-order,web-scraper-start-url,link_toko,link_toko-href,nama_toko,Jml_produk,chat,follower,rating_toko,bergabung,promo,alamat_toko,link_produk,link_produk-href,nama_produk,promo_produk,terjual,gratis_ongkir,favorit
"1668861465-1","https://shopee.co.id/mall/brands/11042849","69Slam","https://shopee.co.id/69slam","","439","45% (hitungan jam)","7,4RB","4.8 (1,7RB penilaian)","24 bulan lalu","null","KAB. BADUNG","30%off69slam Sandal pria ARSIKI-ATMurah LebayRp285.000Rp200.000108 TerjualKAB. BADUNG","https://shopee.co.id/69slam-Sandal-pria-ARSIKI-AT-i.340815435.12428025981?sp_atk=e36e8fad-93c5-407e-ac98-965ca69683f5&xptdk=e36e8fad-93c5-407e-ac98-965ca69683f5","null","null","null","null","null"
"1668861549-2","https://shopee.co.id/mall/brands/11042849","4CM","https://shopee.co.id/4cmstore","","508","39% (hitungan jam)","60,8RB","4.7 (28,5RB penilaian)","5 tahun lalu","null","KOTA DEPOK","30%off4CM Boxer black fireMurah LebayRp99.000Rp69.30010RB+ TerjualKOTA DEPOK","https://shopee.co.id/4CM-Boxer-black-fire-i.32984432.7155464356?sp_atk=0b6baaf8-11e4-4596-8a66-a7d08fd21599&xptdk=0b6baaf8-11e4-4596-8a66-a7d08fd21599","null","null","null","null","null"
"1668861600-3","https://shopee.co.id/mall/brands/11042849","4.20","https://shopee.co.id/4.20official","","121","81% (hitungan jam)","50,8RB","4.9 (7,2RB penilaian)","4 tahun lalu","null","KOTA BANDUNG","40%off4.20 T-Shirt Philosophy Mandala NavyPilih 2, bayar Rp170.000Rp102.000 - Rp170.000321 TerjualKOTA BANDUNG","https://shopee.co.id/4.20-T-Shirt-Philosophy-Mandala-Navy-i.87828273.10739275158?sp_atk=87c4e979-fc8b-4a29-a233-ba0b411e97c6&xptdk=87c4e979-fc8b-4a29-a233-ba0b411e97c6","null","null","null","null","null"
"1668861731-4","https://shopee.co.id/mall/brands/11042849","3Second","https://shopee.co.id/3secondshop","","9,2RB","86% (hitungan jam)","451,2RB","4.9 (115,8RB penilaian)","6 tahun lalu","null","KOTA BANDUNG","40%off3Second Men Jacket 021021Diskon Rp15RBRp449.500Rp269.70049 TerjualKOTA BANDUNG","https://shopee.co.id/3Second-Men-Jacket-021021-i.18358818.11761195939?sp_atk=c253ec6c-0733-4ac4-9377-35151ffb3b2b&xptdk=c253ec6c-0733-4ac4-9377-35151ffb3b2b","null","null","null","null","null"
"1668861955-5","https://shopee.co.id/mall/brands/11042849","308ABSLTUNSCRD","https://shopee.co.id/308absltunscrd","","3,2RB","88% (hitungan jam)","64,5RB","4.8 (21,4RB penilaian)","4 tahun lalu","null","KAB. SLEMAN","10%off308 ABSLTUNSCRD - Bracelete Rubber Au Small Circle - BlackRp20.000Rp18.000216 TerjualKAB. SLEMAN","https://shopee.co.id/308-ABSLTUNSCRD-Bracelete-Rubber-Au-Small-Circle-Black-i.93881215.3918271445?sp_atk=3cc3ad56-bd70-4a71-a7f3-04979da3fd36&xptdk=3cc3ad56-bd70-4a71-a7f3-04979da3fd36","null","null","null","null","null"
"1668861996-6","https://shopee.co.id/mall/brands/11042849","3'NThree","https://shopee.co.id/3nthreeofficial","","241","90% (hitungan jam)","7,1RB","4.8 (378 penilaian)","3 tahun lalu","null","KOTA TANGERANG","40%off3Nthree kemeja koko Pria Muslim originalDiskon Rp2,5RBMurah LebayRp249.000Rp149.40032 TerjualKOTA TANGERANG","https://shopee.co.id/3Nthree-kemeja-koko-Pria-Muslim-original-i.184001696.15666321843?sp_atk=5cf43d00-9252-49b7-9252-c5fe671dfad1&xptdk=5cf43d00-9252-49b7-9252-c5fe671dfad1","null","null","null","null","null"
"1668862101-7","https://shopee.co.id/mall/brands/11042849","2FAB4YOU","https://shopee.co.id/2fab4you","","149","40% (hitungan menit)","1,9RB","4.9 (426 penilaian)","4 tahun lalu","null","KOTA JAKARTA BARAT","2FAB4YOU T-shirt OG FLAMINGO White/Putih - Pria/WanitaRp199.00013 TerjualKOTA JAKARTA BARAT","https://shopee.co.id/2FAB4YOU-T-shirt-OG-FLAMINGO-White-Putih-Pria-Wanita-i.73775993.2881168942?sp_atk=6a2d6633-3e26-4a50-a64d-231fb8d04519&xptdk=6a2d6633-3e26-4a50-a64d-231fb8d04519","null","null","null","null","null"
"1668862223-8","https://shopee.co.id/mall/brands/11042849","07:35","https://shopee.co.id/0735_apparel","","52","73% (hitungan jam)","9,3RB","4.9 (1,4RB penilaian)","27 bulan lalu","null","KOTA JAKARTA UTARA","07:35 - Random SaleRp73.500243 TerjualKOTA JAKARTA UTARA","https://shopee.co.id/07-35-Random-Sale-i.298491252.9975420944?sp_atk=07b56bf1-c359-4825-b0bc-44de299f2510&xptdk=07b56bf1-c359-4825-b0bc-44de299f2510","null","null","null","null","null"
"1668862573-9","https://shopee.co.id/mall/brands/11042849","Zweckout Label","https://shopee.co.id/zweckout_label.official","","81","95% (hitungan jam)","15,4RB","4.6 (16,1RB penilaian)","5 tahun lalu","null","KAB. BANDUNG","45%offZWECKOUT LABEL - Celana Joger Slim Fit Skinny Jogger Pants Pria Korean Style HitamDiskon Rp5RBMurah LebayRp160.000Rp87.90010RB+ TerjualKAB. BANDUNG","https://shopee.co.id/ZWECKOUT-LABEL-Celana-Joger-Slim-Fit-Skinny-Jogger-Pants-Pria-Korean-Style-Hitam-i.59825614.6716661856?sp_atk=324ad3aa-ebac-4da6-893c-9adf8a217eaa&xptdk=324ad3aa-ebac-4da6-893c-9adf8a217eaa","null","null","null","null","null"
"1668862624-10","https://shopee.co.id/mall/brands/11042849","Zhon Army","https://shopee.co.id/zhonarmy","","37","70% (hitungan jam)","4,2RB","4.5 (212 penilaian)","4 bulan lalu","null","KAB. BANDUNG","ZHON ARMY - Ciel UnderPants - Cd Boxer Pria RandomDiskon Rp50RBRp50.000 - Rp200.000465 TerjualKAB. BANDUNG","https://shopee.co.id/ZHON-ARMY-Ciel-UnderPants-Cd-Boxer-Pria-Random-i.832121891.16581051299?sp_atk=86f0d754-4402-42ce-a42f-1dbe6580005b&xptdk=86f0d754-4402-42ce-a42f-1dbe6580005b","null","null","null","null","null"
"1668862670-11","https://shopee.co.id/mall/brands/11042849","ZG Zegoboss","https://shopee.co.id/zgzegoboss","","54","87% (hitungan jam)","5,1RB","4.8 (1RB penilaian)","26 bulan lalu","null","KOTA JAKARTA PUSAT","ZEGO BOSS Celana Panjang Jeans Stretch Denim Regular Fit (Solid Black)Murah LebayRp565.000443 TerjualKOTA JAKARTA PUSAT","https://shopee.co.id/ZEGO-BOSS-Celana-Panjang-Jeans-Stretch-Denim-Regular-Fit-(Solid-Black)-i.307319831.7351957312?sp_atk=4ac2ad6b-f90b-4264-bef4-c53897f4f283&xptdk=4ac2ad6b-f90b-4264-bef4-c53897f4f283","null","null","null","null","null"
"1668862707-12","https://shopee.co.id/mall/brands/11042849","ZeroTwentyTwo","https://shopee.co.id/zerotwentytwo.id","","715","85% (hitungan jam)","72RB","4.8 (18,9RB penilaian)","3 tahun lalu","null","KOTA BANDUNG","46%offZeroTwentyTwo T-shirt Transfer Black | Kaos Pria Parodi Plesetan Lucu ThrasherDiskon Rp2RBPilih 2, bayar Rp189.000Rp175.000Rp95.250874 TerjualKOTA BANDUNG","https://shopee.co.id/ZeroTwentyTwo-T-shirt-Transfer-Black-Kaos-Pria-Parodi-Plesetan-Lucu-Thrasher-i.175877695.7115926408?sp_atk=2b674154-0b41-454c-9167-299bc3a54cb5&xptdk=2b674154-0b41-454c-9167-299bc3a54cb5","null","null","null","null","null"
"1668862744-13","https://shopee.co.id/mall/brands/11042849","ZEROHEROES","https://shopee.co.id/zeroheroes.original","","435","97% (hitungan jam)","35,8RB","4.9 (12,3RB penilaian)","4 tahun lalu","null","KAB. MALANG","44%offZeroheroes | Kaos Kaki Tebal Premium Motif Garis OldschoolDiskon Rp1RBMurah LebayRp35.000Rp19.7002,3RB TerjualKAB. MALANG","https://shopee.co.id/Zeroheroes-Kaos-Kaki-Tebal-Premium-Motif-Garis-Oldschool-i.96006998.7450999154?sp_atk=2d92d30d-f239-4e81-83f1-c64d432240cc&xptdk=2d92d30d-f239-4e81-83f1-c64d432240cc","null","null","null","null","null"
"1668862835-14","https://shopee.co.id/mall/brands/11042849","Zanetti","https://shopee.co.id/zanettiofficial","","33","100%","821","4.9 (16 penilaian)","27 bulan lalu","null","KOTA JAKARTA UTARA","ZL 75004 Zanetti Kemeja Basic Polos Slim Fit Lengan Panjang Hitam PekatRp249.0003 TerjualKOTA JAKARTA UTARA","https://shopee.co.id/ZL-75004-Zanetti-Kemeja-Basic-Polos-Slim-Fit-Lengan-Panjang-Hitam-Pekat-i.300622025.9010811787?sp_atk=d0cfd497-16c0-40f5-99b1-6713a48741cb&xptdk=d0cfd497-16c0-40f5-99b1-6713a48741cb","null","null","null","null","null"
"1668862869-15","https://shopee.co.id/mall/brands/11042849","Zalora","https://shopee.co.id/tolliverofficialshop","","3,3RB","99% (hitungan jam)","120,1RB","4.8 (13,7RB penilaian)","3 tahun lalu","null","KOTA BEKASI","57%offTolliver Hoodies With Zipper NavyDiskon 5%Rp349.000Rp149.000233 TerjualKOTA BEKASI","https://shopee.co.id/Tolliver-Hoodies-With-Zipper-Navy-i.166667048.4439560886?sp_atk=e65e7d30-c61b-45d7-96ba-ce7199a5c995&xptdk=e65e7d30-c61b-45d7-96ba-ce7199a5c995","null","null","null","null","null"
"1668862904-16","https://shopee.co.id/mall/brands/11042849","Zaemerci","https://shopee.co.id/zaemerci","","105","97% (hitungan jam)","22,9RB","4.8 (13,2RB penilaian)","33 bulan lalu","null","KOTA BANDUNG","20%offZaemerci - Kimono Kanvas  Lengan Panjang  Pria | Outer Casual Unisex OriginalDiskon 50%Pilih 2, diskon Rp15.000Rp72.000 - Rp153.0004,8RB TerjualKOTA BANDUNG","https://shopee.co.id/Zaemerci-Kimono-Kanvas-Lengan-Panjang-Pria-Outer-Casual-Unisex-Original-i.228751626.9915157509?sp_atk=27d78579-efa5-4982-8240-4134a78c730f&xptdk=27d78579-efa5-4982-8240-4134a78c730f","null","null","null","null","null"
"1668862938-17","https://shopee.co.id/mall/brands/11042849","Yesterday","https://shopee.co.id/yesterdayofficial","","437","95% (hitungan jam)","125,9RB","4.7 (131,8RB penilaian)","3 tahun lalu","null","KOTA BANDUNG","60%offYesterday Waistbag Full Print Takei BlackDiskon Rp2,5RBPilih 3, bayar Rp195.000Rp195.000Rp78.0002,7RB TerjualKOTA BANDUNG","https://shopee.co.id/Yesterday-Waistbag-Full-Print-Takei-Black-i.173440820.5556050824?sp_atk=d2ac11c2-2275-42e2-a7ba-f242efc0a06d&xptdk=d2ac11c2-2275-42e2-a7ba-f242efc0a06d","null","null","null","null","null"
"1668862974-18","https://shopee.co.id/mall/brands/11042849","YEGE","https://shopee.co.id/yegeindonesia","","592","42% (hitungan jam)","7,4RB","4.7 (4,8RB penilaian)","4 tahun lalu","null","KOTA JAKARTA UTARA","YEGE Kemeja Koko Pria Putih HADAAD Lengan PanjangRp149.900144 TerjualKOTA JAKARTA UTARA","https://shopee.co.id/YEGE-Kemeja-Koko-Pria-Putih-HADAAD-Lengan-Panjang-i.85448016.6642570864?sp_atk=1fd356bc-578c-4583-a2fe-810c53579070&xptdk=1fd356bc-578c-4583-a2fe-810c53579070","null","null","null","null","null"
"1668862998-19","https://shopee.co.id/mall/brands/11042849","Yauds.co","https://shopee.co.id/yauds.co","","37","25% (hitungan jam)","1,3RB","4.8 (50 penilaian)","4 tahun lalu","null","KOTA JAKARTA SELATAN","YAUDS.co x SPEAK UP TshirtRp220.0008 TerjualKOTA JAKARTA SELATAN","https://shopee.co.id/YAUDS.co-x-SPEAK-UP-Tshirt-i.128826850.9467307541?sp_atk=9e593d92-540e-4596-8e86-f0ab6011c483&xptdk=9e593d92-540e-4596-8e86-f0ab6011c483","null","null","null","null","null"
"1668863026-20","https://shopee.co.id/mall/brands/11042849","Yard Sale","https://shopee.co.id/yardsaleofficial","","690","71% (hitungan jam)","657","4.9 (93 penilaian)","21 bulan lalu","null","KOTA JAKARTA PUSAT","50%offYard Sale Costuum Kitsune Nylon Waist Bag OliveRp399.000Rp199.5001 TerjualKOTA JAKARTA PUSAT","https://shopee.co.id/Yard-Sale-Costuum-Kitsune-Nylon-Waist-Bag-Olive-i.383744581.4081437312?sp_atk=a264d62f-f323-46a0-9bc5-72b4a02b17e5&xptdk=a264d62f-f323-46a0-9bc5-72b4a02b17e5","null","null","null","null","null"
"1668863097-21","https://shopee.co.id/mall/brands/11042849","YAMASURIH","https://shopee.co.id/yamasurih.official","","57","42% (hitungan menit)","null","1,1RB","4.9 (171 penilaian)","null","KOTA BANDUNG","Yamasurih - Kaos Hitam ""Pecker Bozo"" T-ShirtRp200.00034 TerjualKOTA BANDUNG","https://shopee.co.id/Yamasurih-Kaos-Hitam-Pecker-Bozo-T-Shirt-i.272365407.4863866211?sp_atk=a4c0aab9-b567-4468-9d09-24bf4c8def9b&xptdk=a4c0aab9-b567-4468-9d09-24bf4c8def9b","null","null","null","null","null"
"1668863138-22","https://shopee.co.id/mall/brands/11042849","YAJUGAYA","https://shopee.co.id/yajugayaindonesia","","68","89% (hitungan jam)","1,4RB","4.9 (231 penilaian)","3 tahun lalu","null","KOTA BEKASI","Yajugaya - SituasuRp215.00035 TerjualKOTA BEKASI","https://shopee.co.id/Yajugaya-Situasu-i.161754161.2429683023?sp_atk=d8c5fba5-11f1-4f05-b282-c8f3ac3a2d84&xptdk=d8c5fba5-11f1-4f05-b282-c8f3ac3a2d84","null","null","null","null","null"
"1668863172-23","https://shopee.co.id/mall/brands/11042849","XXMAKE","https://shopee.co.id/xxmake_official","","null","100% (hitungan menit)","81,3RB","4.8 (53,4RB penilaian)","31 bulan lalu","null","null","null","null","","","","",""
"1668863361-24","https://shopee.co.id/mall/brands/11042849","X8","https://shopee.co.id/x8official","","2,1RB","93% (hitungan jam)","159,7RB","4.9 (20,2RB penilaian)","5 tahun lalu","null","KOTA JAKARTA BARAT","50%offBLUELINE by X8 Nino T-Shirt Pakaian PriaHadiah GratisRp189.900Rp94.950380 TerjualKOTA JAKARTA BARAT","https://shopee.co.id/BLUELINE-by-X8-Nino-T-Shirt-Pakaian-Pria-i.66854073.9423501364?sp_atk=15c8d720-3147-45c0-839b-614eb4c0007f&xptdk=15c8d720-3147-45c0-839b-614eb4c0007f","null","null","null","null","null"
"1668863550-25","https://shopee.co.id/mall/brands/11042849","X Urban Absolute","https://shopee.co.id/xurbandabsolute","","250","91% (hitungan jam)","172,7RB","4.8 (30,9RB penilaian)","33 bulan lalu","null","KAB. BANDUNG","20%offX Urband Absolute Jaket Sukajan Raion Terlaris A096Kombo HematRp60.000 - Rp89.60010RB+ TerjualKAB. BANDUNG","https://shopee.co.id/X-Urband-Absolute-Jaket-Sukajan-Raion-Terlaris-A096-i.224747419.9127208738?sp_atk=08cba310-471d-4c1a-b1d1-86bd84a293de&xptdk=08cba310-471d-4c1a-b1d1-86bd84a293de","null","null","null","null","null"
"1668863628-26","https://shopee.co.id/mall/brands/11042849","Wrangler","https://shopee.co.id/wranglerofficial","","1,1RB","58% (hitungan jam)","159RB","4.8 (29,9RB penilaian)","5 tahun lalu","null","KOTA BEKASI","10%offWrangler Jeans Texasbmcbc01A18Diskon Rp20RBRp459.900Rp413.910565 TerjualKOTA BEKASI","https://shopee.co.id/Wrangler-Jeans-Texasbmcbc01A18-i.55945766.4815275614?sp_atk=ee35b910-f9da-4b5d-ada7-21f19040daed&xptdk=ee35b910-f9da-4b5d-ada7-21f19040daed","null","null","null","null","null"
"1668863689-27","https://shopee.co.id/mall/brands/11042849","Worth ID","https://shopee.co.id/worthid.clothing","","438","86% (hitungan jam)","139,1RB","4.8 (42,5RB penilaian)","6 tahun lalu","null","KOTA BEKASI","25%offWORTH ID Kemeja Pria Cotton Pique Panjang BlackDiskon 50%Rp150.000 - Rp199.0002RB TerjualKOTA BEKASI","https://shopee.co.id/WORTH-ID-Kemeja-Pria-Cotton-Pique-Panjang-Black-i.11950297.1509390338?sp_atk=f6fafb75-9261-43c3-9e5a-dcbaf2f8f195&xptdk=f6fafb75-9261-43c3-9e5a-dcbaf2f8f195","null","null","null","null","null"
"1668863737-28","https://shopee.co.id/mall/brands/11042849","Wormhole","https://shopee.co.id/wormholestore","","528","91% (hitungan jam)","94,4RB","4.9 (12,8RB penilaian)","4 tahun lalu","null","KOTA BANDUNG","5%offW.Essentiels Jaket Ecume Oversize Hoodie Olive EssentielsDiskon 10%Rp499.000Rp474.0501,2RB TerjualKOTA BANDUNG","https://shopee.co.id/W.Essentiels-Jaket-Ecume-Oversize-Hoodie-Olive-Essentiels-i.87216194.1455625420?sp_atk=c3bf5e6e-78db-490f-baa2-e617d441cb91&xptdk=c3bf5e6e-78db-490f-baa2-e617d441cb91","null","null","null","null","null"
"1668863785-29","https://shopee.co.id/mall/brands/11042849","Workout Streetwear","https://shopee.co.id/workoutstreetwear","","339","98% (hitungan jam)","111,4RB","4.8 (53RB penilaian)","25 bulan lalu","null","KOTA BANDUNG","51%offWorkout Streetwear Kaos Distro Cream BrokePilih 2, bayar Rp145.000Rp68.600 - Rp75.6008RB TerjualKOTA BANDUNG","https://shopee.co.id/Workout-Streetwear-Kaos-Distro-Cream-Broke-i.327711825.7884871886?sp_atk=670c0486-7205-4f62-bb73-50f8a07d863d&xptdk=670c0486-7205-4f62-bb73-50f8a07d863d","null","null","null","null","null"
"1668863880-30","https://shopee.co.id/mall/brands/11042849","Woof Pack","https://shopee.co.id/woofpack","","88","69% (hitungan jam)","2,6RB","4.6 (4RB penilaian)","4 tahun lalu","null","KOTA JAKARTA BARAT","84%offTas Pouch Clutch Aksesoris Wanita Pria Multifungsi Woof Pack TCpouchXmi1Murah LebayRp70.000Rp10.9002,6RB TerjualKOTA JAKARTA BARAT","https://shopee.co.id/Tas-Pouch-Clutch-Aksesoris-Wanita-Pria-Multifungsi-Woof-Pack-TCpouchXmi1-i.136847255.2090382228?sp_atk=69c185b4-a670-402f-aada-f2c0c23c5cb4&xptdk=69c185b4-a670-402f-aada-f2c0c23c5cb4","null","null","null","null","null"
"1668863955-31","https://shopee.co.id/mall/brands/11042849","Woodcutter","https://shopee.co.id/woodcutter","","174","95% (hitungan jam)","49,8RB","4.8 (22,1RB penilaian)","6 tahun lalu","null","KOTA BEKASI","16%offWOODCUTTER Kemeja Green Oakland Flannel ShirtPilih 2, diskon Rp5.000Rp189.000Rp159.5001,5RB TerjualKOTA BEKASI","https://shopee.co.id/WOODCUTTER-Kemeja-Green-Oakland-Flannel-Shirt-i.11559302.7532185453?sp_atk=525fdc4c-0694-4b0f-a7c9-3b931ec1bdf9&xptdk=525fdc4c-0694-4b0f-a7c9-3b931ec1bdf9","null","null","null","null","null"
"1668864031-32","https://shopee.co.id/mall/brands/11042849","Wood","https://shopee.co.id/woodofficialshop","","368","64% (hitungan jam)","10RB","4.9 (1,9RB penilaian)","25 bulan lalu","null","KOTA BEKASI","50%offWOOD Modern Fit Chino Pants 2-OPXBSC518O028 SandDiskon Rp20RBRp479.900Rp239.95071 TerjualKOTA BEKASI","https://shopee.co.id/WOOD-Modern-Fit-Chino-Pants-2-OPXBSC518O028-Sand-i.321648624.3371878387?sp_atk=03250392-9af8-497a-8185-905783aed86c&xptdk=03250392-9af8-497a-8185-905783aed86c","null","null","null","null","null"
"1668864078-33","https://shopee.co.id/mall/brands/11042849","Woffi Man","https://shopee.co.id/woffimanofficialshop","","1RB","94% (hitungan jam)","9,7RB","4.8 (2,6RB penilaian)","29 bulan lalu","null","KOTA SURABAYA","80%offWoffi Kaos Pria - Denimize StripesRp380.000Rp75.00083 TerjualKOTA SURABAYA","https://shopee.co.id/Woffi-Kaos-Pria-Denimize-Stripes-i.279757087.7345304149?sp_atk=26a40f7b-9bd9-46b8-93c1-54a4b57c7753&xptdk=26a40f7b-9bd9-46b8-93c1-54a4b57c7753","null","null","null","null","null"
"1668864294-34","https://shopee.co.id/mall/brands/11042849","WIN Indonesia","https://shopee.co.id/winofficialshop","","31","75% (hitungan jam)","2,7RB","4.7 (387 penilaian)","9 bulan lalu","null","KAB. BANDUNG","47%offWIN - Parfume Unisex TravelRp80.000Rp42.400101 TerjualKAB. BANDUNG","https://shopee.co.id/WIN-Parfume-Unisex-Travel-i.680129571.20855210672?sp_atk=5258280a-fcaa-4ab2-b3cd-36b36efef3ad&xptdk=5258280a-fcaa-4ab2-b3cd-36b36efef3ad","null","null","null","null","null"
"1668864347-35","https://shopee.co.id/mall/brands/11042849","Will K","https://shopee.co.id/willklondon","","193","75% (hitungan jam)","18,5RB","4.8 (1,6RB penilaian)","5 tahun lalu","null","KOTA SURABAYA","47%offWILL-K LONDON T-shirt Contemporary Work Wear Sage GreenCashback 11%Rp189.900Rp99.90050 TerjualKOTA SURABAYA","https://shopee.co.id/WILL-K-LONDON-T-shirt-Contemporary-Work-Wear-Sage-Green-i.57319952.9653584802?sp_atk=85a54e13-d2f2-4b38-9e7c-d31b380ca5da&xptdk=85a54e13-d2f2-4b38-9e7c-d31b380ca5da","null","null","null","null","null"
"1668864388-36","https://shopee.co.id/mall/brands/11042849","WHSTL.","https://shopee.co.id/whstlofficial","","971","93% (hitungan jam)","55,8RB","4.8 (16,5RB penilaian)","5 tahun lalu","null","KOTA BANDUNG","40%offWHSTL. Topi 5 Panel Pria - Clone Series (5 Pilihan Warna)Diskon Rp5RBRp120.000Rp72.0004,8RB TerjualKOTA BANDUNG","https://shopee.co.id/WHSTL.-Topi-5-Panel-Pria-Clone-Series-(5-Pilihan-Warna)-i.58359064.5832274561?sp_atk=6bd2e16f-2ab1-48ea-a978-5150cb5c409f&xptdk=6bd2e16f-2ab1-48ea-a978-5150cb5c409f","null","null","null","null","null"
"1668864466-37","https://shopee.co.id/mall/brands/11042849","WGB","https://shopee.co.id/wahgedebanget","","290","70% (hitungan jam)","11,2RB","4.9 (6,4RB penilaian)","6 tahun lalu","null","KOTA TANGERANG","Masker+ PRO BIG SIZE Bahan 3 Lapis Non Medis Tebal Earloop Korea Anti Virus WGBGrosirRp34.9002,1RB TerjualKOTA TANGERANG","https://shopee.co.id/Masker-PRO-BIG-SIZE-Bahan-3-Lapis-Non-Medis-Tebal-Earloop-Korea-Anti-Virus-WGB-i.6308095.6654182982?sp_atk=93b3715d-13ff-4be4-9f5a-a9b3cde09ba6&xptdk=93b3715d-13ff-4be4-9f5a-a9b3cde09ba6","null","null","null","null","null"
"1668864546-38","https://shopee.co.id/mall/brands/11042849","Welldone","https://shopee.co.id/welldone.store","","272","80% (hitungan jam)","182,3RB","4.8 (81,8RB penilaian)","4 tahun lalu","null","KAB. BANDUNG","46%offWelldone Hoodie - Hoodie Fantastic BlackRp349.000Rp189.0003RB TerjualKAB. BANDUNG","https://shopee.co.id/Welldone-Hoodie-Hoodie-Fantastic-Black-i.96896363.6131859864?sp_atk=27767056-9823-44ac-8896-d2fcfb9a10a1&xptdk=27767056-9823-44ac-8896-d2fcfb9a10a1","null","null","null","null","null"
"1668864624-39","https://shopee.co.id/mall/brands/11042849","Wellborn","https://shopee.co.id/wellborncompany","","341","97% (hitungan jam)","382,8RB","4.8 (173,5RB penilaian)","34 bulan lalu","null","KOTA BANDUNG","74%offWellborn Polo Two Tone Shirt CollectionHadiah GratisRp265.000Rp69.0002,3RB TerjualKOTA BANDUNG","https://shopee.co.id/Wellborn-Polo-Two-Tone-Shirt-Collection-i.218995246.9819735704?sp_atk=57ffcfa7-2e5a-45c4-806c-b2fc2bad3caa&xptdk=57ffcfa7-2e5a-45c4-806c-b2fc2bad3caa","null","null","null","null","null"
"1668864892-40","https://shopee.co.id/mall/brands/11042849","Watchout","https://shopee.co.id/watchout.casual.jeans","","421","100% (hitungan jam)","20,1RB","4.9 (8,7RB penilaian)","31 bulan lalu","null","KOTA BANDUNG","70%offWatchout Short Sleeve Koko - JS8007401Hadiah GratisRp439.900Rp129.900157 TerjualKOTA BANDUNG","https://shopee.co.id/Watchout-Short-Sleeve-Koko-JS8007401-i.243163767.6558577471?sp_atk=95380c6a-00c6-4cce-9273-4296a4ce45ab&xptdk=95380c6a-00c6-4cce-9273-4296a4ce45ab","null","null","null","null","null"
"1668865022-41","https://shopee.co.id/mall/brands/11042849","Wassup WSP","https://shopee.co.id/wassup_wsp","","132","100% (hitungan menit)","4,5RB","4.8 (4,4RB penilaian)","18 bulan lalu","null","KAB. TANGERANG","54%off【BPOM】WASSUP BIOAQUA  Essence Mask 10x the effect Whitening Moisturizing SKIN CARE Sleeping MASKER wajah Sheet MASK 25g/28ml Buy 7pcs get Rp1900 offPilih 7, diskon Rp1.900Rp3.699 - Rp4.09910RB+ TerjualKAB. TANGERANG","https://shopee.co.id/%E3%80%90BPOM%E3%80%91WASSUP-BIOAQUA-Essence-Mask-10x-the-effect-Whitening-Moisturizing-SKIN-CARE-Sleeping-MASKER-wajah-Sheet-MASK-25g-28ml-Buy-7pcs-get-Rp1900-off-i.456602822.17125030498?sp_atk=7c37c1d3-731c-4ad0-b73f-b262d938e3a8&xptdk=7c37c1d3-731c-4ad0-b73f-b262d938e3a8","null","null","null","null","null"
"1668865158-42","https://shopee.co.id/mall/brands/11042849","Waskito","https://shopee.co.id/batikwaskito","","291","92% (hitungan jam)","12,1RB","4.9 (2RB penilaian)","3 tahun lalu","null","KOTA SURABAYA","Masker Batik Katun murah (random)GrosirRp3.000370 TerjualKOTA SURABAYA","https://shopee.co.id/Masker-Batik-Katun-murah-(random)-i.173440985.13128151389?sp_atk=fb70e689-e9f8-4caa-90ec-b3c10c956384&xptdk=fb70e689-e9f8-4caa-90ec-b3c10c956384","null","null","null","null","null"
"1668865237-43","https://shopee.co.id/mall/brands/11042849","Warning Clothing","https://shopee.co.id/warningclothing","","367","81% (hitungan jam)","14,6RB","4.8 (6,4RB penilaian)","34 bulan lalu","null","KOTA BANDUNG","Warning Praise 1 Polo CapRp149.000334 TerjualKOTA BANDUNG","https://shopee.co.id/Warning-Praise-1-Polo-Cap-i.223114590.5740497020?sp_atk=c8291143-6bae-41c8-b624-8cff4de3ced8&xptdk=c8291143-6bae-41c8-b624-8cff4de3ced8","null","null","null","null","null"
"1668865309-44","https://shopee.co.id/mall/brands/11042849","WARDKICK","https://shopee.co.id/wardkick_official_shop","","53","78% (hitungan jam)","5,1RB","4.8 (650 penilaian)","4 tahun lalu","null","KAB. BANDUNG BARAT","50%offWARDKICK Sweater Crewneck black white MetalRp350.000Rp175.0001,5RB TerjualKAB. BANDUNG BARAT","https://shopee.co.id/WARDKICK-Sweater-Crewneck-black-white-Metal-i.145609753.11809220219?sp_atk=bde2cb4b-8d8a-4a0e-89dc-73f203ba0358&xptdk=bde2cb4b-8d8a-4a0e-89dc-73f203ba0358","null","null","null","null","null"
"1668865382-45","https://shopee.co.id/mall/brands/11042849","Walrus","https://shopee.co.id/walrusfashion","","93","97% (hitungan jam)","13,9RB","4.9 (13,7RB penilaian)","4 tahun lalu","null","KOTA SURABAYA","56%offWalrus Kaos Polo Basic (Polos) Putih  T1021501Diskon Rp5RBRp269.900Rp119.900164 TerjualKOTA SURABAYA","https://shopee.co.id/Walrus-Kaos-Polo-Basic-(Polos)-Putih-T1021501-i.89671317.6213714446?sp_atk=85121943-f178-4398-acf9-caa8542150ed&xptdk=85121943-f178-4398-acf9-caa8542150ed","null","null","null","null","null"
"1668865454-46","https://shopee.co.id/mall/brands/11042849","WALKOUT","https://shopee.co.id/walkoutclothing","","79","100% (hitungan menit)","20RB","4.8 (606 penilaian)","5 tahun lalu","null","KOTA CIMAHI","28%offWalkout Wallet Bio BrownDiskon 50%Pilih 2, diskon Rp5.000Rp160.000Rp115.000141 TerjualKOTA CIMAHI","https://shopee.co.id/Walkout-Wallet-Bio-Brown-i.68131673.6041062824?sp_atk=9c2fedc3-c715-4b34-bd3e-867c49a7822b&xptdk=9c2fedc3-c715-4b34-bd3e-867c49a7822b","null","null","null","null","null"
"1668865597-47","https://shopee.co.id/mall/brands/11042849","VSLSS","https://shopee.co.id/vslss.official","","135","96% (hitungan menit)","1,5RB","4.9 (118 penilaian)","4 tahun lalu","null","KOTA BANDUNG","70%offVslss - Hoodie - Establert - BlackDiskon Rp20RBRp359.000Rp107.7001 TerjualKOTA BANDUNG","https://shopee.co.id/Vslss-Hoodie-Establert-Black-i.74213140.3183746429?sp_atk=c9379eea-aa82-42bc-be5a-29cc37ba070e&xptdk=c9379eea-aa82-42bc-be5a-29cc37ba070e","null","null","null","null","null"
"1668865634-48","https://shopee.co.id/mall/brands/11042849","Vreedom","https://shopee.co.id/vreedomofficial","","38","77% (hitungan jam)","2,2RB","4.9 (430 penilaian)","13 bulan lalu","null","KOTA DEPOK","32%offVREEDOM Hermit Oversized T-shirt BlackDiskon 5%Rp249.000Rp169.999116 TerjualKOTA DEPOK","https://shopee.co.id/VREEDOM-Hermit-Oversized-T-shirt-Black-i.572294517.15017849452?sp_atk=46908bf2-b456-44f4-9528-5adf3805a460&xptdk=46908bf2-b456-44f4-9528-5adf3805a460","null","null","null","null","null"
"1668865662-49","https://shopee.co.id/mall/brands/11042849","Voordurend Love","https://shopee.co.id/voordurend","","236","89% (hitungan jam)","12,1RB","4.8 (3,2RB penilaian)","4 tahun lalu","null","KOTA DENPASAR","10%offVoordurend Love - Mackas Icon Laxtee -  Unisex - Black – Tshirt – Relaxed Fit – Cotton Combed 20sCashback 5%Rp179.100 - Rp199.00073 TerjualKOTA DENPASAR","https://shopee.co.id/Voordurend-Love-Mackas-Icon-Laxtee-Unisex-Black-%E2%80%93-Tshirt-%E2%80%93-Relaxed-Fit-%E2%80%93-Cotton-Combed-20s-i.119754295.4779971818?sp_atk=9de983b2-859d-4857-b70d-a3027512b240&xptdk=9de983b2-859d-4857-b70d-a3027512b240","null","null","null","null","null"
"1668865712-50","https://shopee.co.id/mall/brands/11042849","Von Dutch","https://shopee.co.id/vondutchofficial","","434","45% (hitungan jam)","30,3RB","4.9 (16,9RB penilaian)","33 bulan lalu","null","KOTA JAKARTA BARAT","30%offVondutch / Kaos / Tshirt / baju 0095BLRp251.300 - Rp359.000446 TerjualKOTA JAKARTA BARAT","https://shopee.co.id/Vondutch-Kaos-Tshirt-baju-0095BL-i.228625083.7737245822?sp_atk=d2c62344-1327-405b-8bc3-a9e046d04344&xptdk=d2c62344-1327-405b-8bc3-a9e046d04344","null","null","null","null","null"
"1668865759-51","https://shopee.co.id/mall/brands/11042849","VOLKVOG","https://shopee.co.id/volkvog","","306","99% (hitungan menit)","37RB","4.9 (7,7RB penilaian)","4 tahun lalu","null","KOTA BEKASI","43%offVolkvog Jeans Chino Panjang Genova SlimfitRp350.000Rp199.5001RB TerjualKOTA BEKASI","https://shopee.co.id/Volkvog-Jeans-Chino-Panjang-Genova-Slimfit-i.78022274.1336544032?sp_atk=fa36ed09-e656-41eb-bdec-9eaa33a32ff1&xptdk=fa36ed09-e656-41eb-bdec-9eaa33a32ff1","null","null","null","null","null"
"1668865800-52","https://shopee.co.id/mall/brands/11042849","Volcom","https://shopee.co.id/volcomofficial","","608","100% (hitungan menit)","42,7RB","4.9 (18,4RB penilaian)","26 bulan lalu","null","KAB. BADUNG","30%offVOLCOM - MFL ICONIC STONE PO BLKRp895.000Rp626.00053 TerjualKAB. BADUNG","https://shopee.co.id/VOLCOM-MFL-ICONIC-STONE-PO-BLK-i.315833408.13038069587?sp_atk=c922942f-f9c4-4b1e-844f-487b892a1e85&xptdk=c922942f-f9c4-4b1e-844f-487b892a1e85","null","null","null","null","null"
"1668865857-53","https://shopee.co.id/mall/brands/11042849","VNOISE","https://shopee.co.id/vnoise","","38","80% (hitungan jam)","1,2RB","4.6 (353 penilaian)","5 bulan lalu","null","KAB. BANDUNG","42%offVNOISE - Celana Jogger Pria Trendy Korean StyleGrosirRp120.000Rp70.000611 TerjualKAB. BANDUNG","https://shopee.co.id/VNOISE-Celana-Jogger-Pria-Trendy-Korean-Style-i.804116510.21816706231?sp_atk=d18086bf-91a2-4ae3-8f59-c40436cae1f1&xptdk=d18086bf-91a2-4ae3-8f59-c40436cae1f1","null","null","null","null","null"
"1668865913-54","https://shopee.co.id/mall/brands/11042849","VNI.ID","https://shopee.co.id/vni.id","","63","100% (hitungan jam)","63RB","4.7 (48,5RB penilaian)","20 bulan lalu","null","KOTA JAKARTA BARAT","77%offVNI.ID Basic Sweater Polos New York 199X Pria & Wanita SIZE M-XXLDiskon Rp500Rp39.800 - Rp56.6949,5RB TerjualKOTA JAKARTA BARAT","https://shopee.co.id/VNI.ID-Basic-Sweater-Polos-New-York-199X-Pria-Wanita-SIZE-M-XXL-i.404771892.6182446887?sp_atk=6fd358d0-3718-4cec-b390-8a4decffff4a&xptdk=6fd358d0-3718-4cec-b390-8a4decffff4a","null","null","null","null","null"
"1668865937-55","https://shopee.co.id/mall/brands/11042849","Vitlexs","https://shopee.co.id/vitlexsofficial","","61","44% (hitungan jam)","9,4RB","4.7 (1,8RB penilaian)","26 bulan lalu","null","KAB. BANDUNG","40%offVitlexs Sandal Pria Slip On Art Font VitlexsDiskon Rp20RBPilih 2, diskon 5%Rp200.000Rp120.00022 TerjualKAB. BANDUNG","https://shopee.co.id/Vitlexs-Sandal-Pria-Slip-On-Art-Font-Vitlexs-i.312777406.11623187022?sp_atk=562060b7-65eb-469b-a695-ded96ab34d6d&xptdk=562060b7-65eb-469b-a695-ded96ab34d6d","null","null","null","null","null"
"1668865964-56","https://shopee.co.id/mall/brands/11042849","Vish","https://shopee.co.id/vishbyntl","","101","59% (hitungan jam)","17%","8RB","4.9 (1,2RB penilaian)","null","KOTA JAKARTA BARAT","Vish - (Ready Stock) Ventela x Nevertoolavish: H13 Noir HighRp469.800111 TerjualKOTA JAKARTA BARAT","https://shopee.co.id/Vish-(Ready-Stock)-Ventela-x-Nevertoolavish-H13-Noir-High-i.218254552.7149898391?sp_atk=47d1ed07-8216-4a15-91a3-d14a4f7a02c0&xptdk=47d1ed07-8216-4a15-91a3-d14a4f7a02c0","null","null","null","null","null"
"1668865995-57","https://shopee.co.id/mall/brands/11042849","Visbar","https://shopee.co.id/visbar.id","","171","92% (hitungan jam)","72,2RB","4.9 (17,9RB penilaian)","3 tahun lalu","null","KOTA DEPOK","25%offVisbar TShirt T13 - MermaidDiskon Rp1RBPilih 3, bayar Rp250.000Rp169.000Rp126.7501,6RB TerjualKOTA DEPOK","https://shopee.co.id/Visbar-TShirt-T13-Mermaid-i.166044163.5616761704?sp_atk=fa417c1e-7735-4f5f-b011-3cd7b5762078&xptdk=fa417c1e-7735-4f5f-b011-3cd7b5762078","null","null","null","null","null"
"1668866038-58","https://shopee.co.id/mall/brands/11042849","VIBESAPPAREL","https://shopee.co.id/vibesapparel_","","218","95% (hitungan jam)","30,8RB","4.8 (8,8RB penilaian)","4 tahun lalu","null","KOTA TANGERANG","55%offVIBES APPAREL | Wirepeace | Coach JacketDiskon 20%Murah LebayRp350.000Rp159.0001,2RB TerjualKOTA TANGERANG","https://shopee.co.id/VIBES-APPAREL-Wirepeace-Coach-Jacket-i.106062905.6765038927?sp_atk=51f4a268-0237-4e1f-9140-a4d6b6d5ec6b&xptdk=51f4a268-0237-4e1f-9140-a4d6b6d5ec6b","null","null","null","null","null"
"1668866271-59","https://shopee.co.id/mall/brands/11042849","Vialli Milano","https://shopee.co.id/viallimilano","","259","64% (hitungan jam)","1,8RB","4.9 (1,5RB penilaian)","27 bulan lalu","null","KOTA JAKARTA BARAT","Danatella Polo Stripe Shirt Wanita lengan pendekRp229.000156 TerjualKOTA JAKARTA BARAT","https://shopee.co.id/Danatella-Polo-Stripe-Shirt-Wanita-lengan-pendek-i.298649135.8811076206?sp_atk=8d312b07-aaf4-4059-a9cb-e4b39d0f2d30&xptdk=8d312b07-aaf4-4059-a9cb-e4b39d0f2d30","null","null","null","null","null"
"1668866307-60","https://shopee.co.id/mall/brands/11042849","Verticalgoods","https://shopee.co.id/verticalgoods","","169","97% (hitungan jam)","40,6RB","4.8 (15,3RB penilaian)","5 tahun lalu","null","KOTA TANGERANG","56%offVerticalgoods | T-shirt Oversize | BLURRY Kaos HitamKombo HematRp180.000Rp79.5004,3RB TerjualKOTA TANGERANG","https://shopee.co.id/Verticalgoods-T-shirt-Oversize-BLURRY-Kaos-Hitam-i.42407758.9143856822?sp_atk=ab560395-3af9-4e32-ad05-7e2919560d21&xptdk=ab560395-3af9-4e32-ad05-7e2919560d21","null","null","null","null","null"
"1668866332-61","https://shopee.co.id/mall/brands/11042849","Verkoop","https://shopee.co.id/verkoop.store","","56","58% (hitungan jam)","2RB","4.9 (1,9RB penilaian)","9 bulan lalu","null","KOTA JAKARTA SELATAN","60%offVerkoop Long Sleeve Tshirt ArmyRp299.000Rp119.00033 TerjualKOTA JAKARTA SELATAN","https://shopee.co.id/Verkoop-Long-Sleeve-Tshirt-Army-i.698748973.20458886939?sp_atk=a30c8c1a-f351-4b11-8694-26e875c8a7d8&xptdk=a30c8c1a-f351-4b11-8694-26e875c8a7d8","null","null","null","null","null"
"1668866355-62","https://shopee.co.id/mall/brands/11042849","Vercline","https://shopee.co.id/vercline","","34","40% (hitungan jam)","1,9RB","4.8 (238 penilaian)","4 tahun lalu","null","KOTA JAKARTA BARAT","30%offVercline Oversized T-Shirt DOBIERp425.000Rp297.5003 TerjualKOTA JAKARTA BARAT","https://shopee.co.id/Vercline-Oversized-T-Shirt-DOBIE-i.92018159.19057695179?sp_atk=80f04507-8d23-4397-887f-58fce2f0b984&xptdk=80f04507-8d23-4397-887f-58fce2f0b984","null","null","null","null","null"
"1668866386-63","https://shopee.co.id/mall/brands/11042849","Vengoz","https://shopee.co.id/vengoz","","251","74% (hitungan jam)","125,8RB","4.8 (57,4RB penilaian)","5 tahun lalu","null","KOTA JAKARTA UTARA","64%offVENGOZ Kemeja Pria - Adya Casual ShirtDiskon 50%Pilih 2, diskon 3%Rp359.000Rp129.0002,7RB TerjualKOTA JAKARTA UTARA","https://shopee.co.id/VENGOZ-Kemeja-Pria-Adya-Casual-Shirt-i.58259176.9618220973?sp_atk=93a8ee45-8ede-4f97-bbf3-e47386a00d70&xptdk=93a8ee45-8ede-4f97-bbf3-e47386a00d70","null","null","null","null","null"
"1668866435-64","https://shopee.co.id/mall/brands/11042849","Veljko","https://shopee.co.id/veljko.official","","283","97% (hitungan jam)","57,4RB","4.8 (26,5RB penilaian)","34 bulan lalu","null","KOTA BANDUNG","45%offVeljko T-shirt Larva BlackDiskon Rp2,5RBRp135.000Rp74.5001,9RB TerjualKOTA BANDUNG","https://shopee.co.id/Veljko-T-shirt-Larva-Black-i.219487388.3929010782?sp_atk=b8d62b7e-10d1-4190-a3f8-8b6969b2d1d0&xptdk=b8d62b7e-10d1-4190-a3f8-8b6969b2d1d0","null","null","null","null","null"
"1668866666-65","https://shopee.co.id/mall/brands/11042849","Vearst","https://shopee.co.id/vearst","","389","90% (hitungan jam)","47,8RB","4.8 (15,5RB penilaian)","33 bulan lalu","null","KOTA BANDUNG","41%offVearst Work Pants Sable 540 Cut BlackRp260.000 - Rp439.000708 TerjualKOTA BANDUNG","https://shopee.co.id/Vearst-Work-Pants-Sable-540-Cut-Black-i.224781834.6278574673?sp_atk=95478fc3-3260-48d7-8068-2d299edd4805&xptdk=95478fc3-3260-48d7-8068-2d299edd4805","null","null","null","null","null"
"1668866698-66","https://shopee.co.id/mall/brands/11042849","VCRL","https://shopee.co.id/vcrl.id","","53","92% (hitungan jam)","2,6RB","4.6 (5,1RB penilaian)","28 bulan lalu","null","KAB. BANDUNG","50%offVCRL Sweater Pria Sablon Polos Basic Bahan Cotton Flece OriginalDiskon Rp5RBRp75.000 - Rp150.00010RB+ TerjualKAB. BANDUNG","https://shopee.co.id/VCRL-Sweater-Pria-Sablon-Polos-Basic-Bahan-Cotton-Flece-Original-i.282506205.8515037788?sp_atk=68c5e2d8-4bef-418c-b694-8f27e1d07d43&xptdk=68c5e2d8-4bef-418c-b694-8f27e1d07d43","null","null","null","null","null"
"1668866738-67","https://shopee.co.id/mall/brands/11042849","Varial","https://shopee.co.id/varialapparel.co","","242","96% (hitungan jam)","11,9RB","4.8 (2,4RB penilaian)","4 tahun lalu","null","KAB. BADUNG","18%offJAKET JEANS PRIA / TRUCKER JEANS / STONEWASH /DENIM / V TRD CONS MEDICINE BLUEDiskon Rp20RBRp430.000Rp352.60091 TerjualKAB. BADUNG","https://shopee.co.id/JAKET-JEANS-PRIA-TRUCKER-JEANS-STONEWASH-DENIM-V-TRD-CONS-MEDICINE-BLUE-i.105948078.6487864075?sp_atk=ac9577f1-a78a-41d6-acb2-90e285fd266d&xptdk=ac9577f1-a78a-41d6-acb2-90e285fd266d","null","null","null","null","null"
"1668866769-68","https://shopee.co.id/mall/brands/11042849","Vampire Dead And Revenge","https://shopee.co.id/vampiredeadandrevenge","","579","99% (hitungan jam)","57,6RB","4.8 (21RB penilaian)","33 bulan lalu","null","KAB. BANTUL","44%offVampire Kingdom T-shirt Short Sleeve | Gorgeo | BlackDiskon Rp2,5RBPilih 2, diskon Rp3.000Rp169.000Rp95.0001,1RB TerjualKAB. BANTUL","https://shopee.co.id/Vampire-Kingdom-T-shirt-Short-Sleeve-Gorgeo-Black-i.229008774.13814294907?sp_atk=1783cd8b-01ae-4003-8786-527d4242d0b2&xptdk=1783cd8b-01ae-4003-8786-527d4242d0b2","null","null","null","null","null"
"1668866796-69","https://shopee.co.id/mall/brands/11042849","Urbain Inc","https://shopee.co.id/urbaininc","","103","59% (hitungan jam)","77,7RB","4.8 (16,6RB penilaian)","3 tahun lalu","null","KOTA JAKARTA SELATAN","45%offUrbain Beanie/Kupluk Wool Hitam LogoPilih 2, bayar Rp100.000Rp100.000Rp55.000846 TerjualKOTA JAKARTA SELATAN","https://shopee.co.id/Urbain-Beanie-Kupluk-Wool-Hitam-Logo-i.155156587.4563253173?sp_atk=4822398e-46fb-4349-b570-ddf352f9af2f&xptdk=4822398e-46fb-4349-b570-ddf352f9af2f","null","null","null","null","null"
"1668866821-70","https://shopee.co.id/mall/brands/11042849","Uprise","https://shopee.co.id/uprisedenim","","89","97% (hitungan jam)","80,5RB","4.9 (7,1RB penilaian)","33 bulan lalu","null","KOTA JAKARTA UTARA","UPRISE Oversize Polo Black , White , GrayDiskon Rp15RBRp179.000103 TerjualKOTA JAKARTA UTARA","https://shopee.co.id/UPRISE-Oversize-Polo-Black-White-Gray-i.231103920.8498349348?sp_atk=f80f1a6c-f704-4028-b49f-999dfaa3ca87&xptdk=f80f1a6c-f704-4028-b49f-999dfaa3ca87","null","null","null","null","null"
"1668866853-71","https://shopee.co.id/mall/brands/11042849","Unxplnd","https://shopee.co.id/unxplndmarket","","159","77% (hitungan jam)","24,7RB","4.9 (5,5RB penilaian)","25 bulan lalu","null","KAB. TANGERANG","27%offUnxplnd | Beanie | Basic OG WovenRp95.000Rp69.0001,1RB TerjualKAB. TANGERANG","https://shopee.co.id/Unxplnd-Beanie-Basic-OG-Woven-i.325670631.9348232420?sp_atk=9e64506e-f1b7-4949-9454-987614cd2c34&xptdk=9e64506e-f1b7-4949-9454-987614cd2c34","null","null","null","null","null"
"1668866884-72","https://shopee.co.id/mall/brands/11042849","UNTCKD","https://shopee.co.id/untckd_official","","485","80% (hitungan jam)","96,8RB","4.8 (18,5RB penilaian)","7 tahun lalu","null","KOTA JAKARTA UTARA","67%offUNTCKD Quill FannypackRp150.000Rp50.000226 TerjualKOTA JAKARTA UTARA","https://shopee.co.id/UNTCKD-Quill-Fannypack-i.1304055.3414141404?sp_atk=c01d2bca-2952-47de-a150-93b39d91fd90&xptdk=c01d2bca-2952-47de-a150-93b39d91fd90","null","null","null","null","null"
"1668866915-73","https://shopee.co.id/mall/brands/11042849","Uno.co","https://shopee.co.id/unoco.official","","78","97% (hitungan jam)","20,7RB","4.9 (5,6RB penilaian)","36 bulan lalu","null","KOTA JAKARTA TIMUR","9%offUno.co Kemeja Formal Office Shirt lengan pendek hitam Big Size Xl-7XlCashback 3%Rp209.000 - Rp269.000151 TerjualKOTA JAKARTA TIMUR","https://shopee.co.id/Uno.co-Kemeja-Formal-Office-Shirt-lengan-pendek-hitam-Big-Size-Xl-7Xl-i.204790309.9576464727?sp_atk=5d3461bd-49bc-4bb1-8d4d-cd467248e3e2&xptdk=5d3461bd-49bc-4bb1-8d4d-cd467248e3e2","null","null","null","null","null"
"1668866944-74","https://shopee.co.id/mall/brands/11042849","UNKL347","https://shopee.co.id/unkl347official","","383","98% (hitungan jam)","132,5RB","4.8 (39RB penilaian)","4 tahun lalu","null","KOTA SURAKARTA (SOLO)","70%offUNKL347 T-Shirt Hitam Bahan Combed Motif Simpel BDTMRp260.000Rp78.0001,2RB TerjualKOTA SURAKARTA (SOLO)","https://shopee.co.id/UNKL347-T-Shirt-Hitam-Bahan-Combed-Motif-Simpel-BDTM-i.80732230.14790223061?sp_atk=230b741c-6bc4-48fa-a558-e31304a45254&xptdk=230b741c-6bc4-48fa-a558-e31304a45254","null","null","null","null","null"
"1668866979-75","https://shopee.co.id/mall/brands/11042849","Unitedhart","https://shopee.co.id/unitedhart_official","","95","74% (hitungan jam)","18,3RB","4.9 (2,8RB penilaian)","27 bulan lalu","null","KOTA BANDUNG","UH! Heavyweight Cotton 16s Pocket Tees BlackRp178.000226 TerjualKOTA BANDUNG","https://shopee.co.id/UH!-Heavyweight-Cotton-16s-Pocket-Tees-Black-i.293283681.4896740595?sp_atk=acbc9268-e4f1-4c53-8fcf-58a11591d582&xptdk=acbc9268-e4f1-4c53-8fcf-58a11591d582","null","null","null","null","null"
"1668867040-76","https://shopee.co.id/mall/brands/11042849","Unionwell","https://shopee.co.id/unionwelloriginal","","202","87% (hitungan jam)","14,6RB","4.9 (5,3RB penilaian)","3 tahun lalu","null","KOTA JAKARTA SELATAN","40%offUnionwell Tshirt Unionround Logo BlackRp300.000Rp180.000235 TerjualKOTA JAKARTA SELATAN","https://shopee.co.id/Unionwell-Tshirt-Unionround-Logo-Black-i.168583478.11156284810?sp_atk=011edec6-02d6-40f0-a98b-c3dd30a24bfe&xptdk=011edec6-02d6-40f0-a98b-c3dd30a24bfe","null","null","null","null","null"
"1668867089-77","https://shopee.co.id/mall/brands/11042849","Underage","https://shopee.co.id/underage.indonesia","","167","88% (hitungan jam)","10,3RB","4.9 (4,7RB penilaian)","3 tahun lalu","null","KOTA BANDUNG","54%offUnderage T-Shirt wild and free long sleve black streetwear | kaos motorDiskon Rp10RBMurah LebayRp138.600 - Rp163.350707 TerjualKOTA BANDUNG","https://shopee.co.id/Underage-T-Shirt-wild-and-free-long-sleve-black-streetwear-kaos-motor-i.199857305.4456360290?sp_atk=fd62dec2-ebac-401c-b3ae-da9b01e8a4f9&xptdk=fd62dec2-ebac-401c-b3ae-da9b01e8a4f9","null","null","null","null","null"
"1668867126-78","https://shopee.co.id/mall/brands/11042849","UK Unicloth Kingdom","https://shopee.co.id/uniclothkingdom","","79","65% (hitungan jam)","359","4.8 (128 penilaian)","19 bulan lalu","null","KOTA BANDUNG","50%offUK Unicloth Kingdom Tshirt Basic / Kaos Polos 24s / Kaos Polos Tanpa Jahitan SampingGrosirRp86.000Rp43.000152 TerjualKOTA BANDUNG","https://shopee.co.id/UK-Unicloth-Kingdom-Tshirt-Basic-Kaos-Polos-24s-Kaos-Polos-Tanpa-Jahitan-Samping-i.421704542.8488957170?sp_atk=234f1056-980c-4e31-b036-fda95734d513&xptdk=234f1056-980c-4e31-b036-fda95734d513","null","null","null","null","null"
"1668867154-79","https://shopee.co.id/mall/brands/11042849","UC&CO.","https://shopee.co.id/ucandcocanggu","","51","10%","382","4.9 (80 penilaian)","31 bulan lalu","null","KAB. BADUNG","UC&CO. Six Panel Cap Rest In ParadiseRp245.000 - Rp270.0004 TerjualKAB. BADUNG","https://shopee.co.id/UC-CO.-Six-Panel-Cap-Rest-In-Paradise-i.244561474.5929242914?sp_atk=f4eb7a81-d878-4027-bf3a-6e7325add0ba&xptdk=f4eb7a81-d878-4027-bf3a-6e7325add0ba","null","null","null","null","null"
"1668867180-80","https://shopee.co.id/mall/brands/11042849","U8","https://shopee.co.id/u8clothing","","130","75% (hitungan jam)","783","4.7 (184 penilaian)","28 bulan lalu","null","KOTA SURABAYA","60%offU8 Kemeja Motif Kirkless Navy Grey Modern Tribal KIRKLESS 1019-01Rp359.000Rp143.6003 TerjualKOTA SURABAYA","https://shopee.co.id/U8-Kemeja-Motif-Kirkless-Navy-Grey-Modern-Tribal-KIRKLESS-1019-01-i.283006103.7565395407?sp_atk=69829d80-405e-4ce7-912e-e0d9b801d713&xptdk=69829d80-405e-4ce7-912e-e0d9b801d713","null","null","null","null","null"
"1668867214-81","https://shopee.co.id/mall/brands/11042849","Twohead","https://shopee.co.id/twohead.official","","129","87% (hitungan jam)","19,4RB","4.8 (6,3RB penilaian)","24 bulan lalu","null","KAB. BANDUNG","59%offTwohead tshirt Depression WhiteDiskon Rp2,5RBRp180.000Rp73.8001,1RB TerjualKAB. BANDUNG","https://shopee.co.id/Twohead-tshirt-Depression-White-i.346059716.9528689078?sp_atk=c2c8d588-1bf3-4da3-a0f8-7a05a130aec4&xptdk=c2c8d588-1bf3-4da3-a0f8-7a05a130aec4","null","null","null","null","null"
"1668867239-82","https://shopee.co.id/mall/brands/11042849","Twinfit","https://shopee.co.id/twinfit_official","","183","100% (hitungan jam)","10,8RB","4.8 (2,1RB penilaian)","5 tahun lalu","null","KOTA BANDUNG","50%offTwinfit Basic Polo ShirtPilih 3, bayar Rp250.000Rp209.000Rp104.0001,2RB TerjualKOTA BANDUNG","https://shopee.co.id/Twinfit-Basic-Polo-Shirt-i.33873300.5849880509?sp_atk=20d9b90e-757b-468e-b06f-043ef5198606&xptdk=20d9b90e-757b-468e-b06f-043ef5198606","null","null","null","null","null"
"1668867267-83","https://shopee.co.id/mall/brands/11042849","Tvck","https://shopee.co.id/tvck_cons","","333","77% (hitungan jam)","17,2RB","4.9 (1,6RB penilaian)","3 tahun lalu","null","KOTA BANDUNG","25%offTvck Sling Bag Haqiba BlackRp155.000Rp116.250131 TerjualKOTA BANDUNG","https://shopee.co.id/Tvck-Sling-Bag-Haqiba-Black-i.158273238.5215538075?sp_atk=f640faea-14a5-4e9d-a4f8-3aefaada8649&xptdk=f640faea-14a5-4e9d-a4f8-3aefaada8649","null","null","null","null","null"
"1668867292-84","https://shopee.co.id/mall/brands/11042849","Tshirttokoh","https://shopee.co.id/tshirttokoh","","1,1RB","96% (hitungan jam)","66,6RB","4.8 (57,3RB penilaian)","6 tahun lalu","null","KOTA SURAKARTA (SOLO)","Tshirttokoh -  Kaos Panjang Umur Hal Baik - Cerita Baik HitamRp120.000 - Rp140.0002,7RB TerjualKOTA SURAKARTA (SOLO)","https://shopee.co.id/Tshirttokoh-Kaos-Panjang-Umur-Hal-Baik-Cerita-Baik-Hitam-i.8350587.3327648684?sp_atk=777dd192-67e6-4401-94bd-d4004330c04a&xptdk=777dd192-67e6-4401-94bd-d4004330c04a","null","null","null","null","null"
"1668867338-85","https://shopee.co.id/mall/brands/11042849","Trust Denim","https://shopee.co.id/trustdenimofficial","","88","76% (hitungan jam)","13RB","4.9 (3,6RB penilaian)","4 tahun lalu","null","KAB. BANDUNG","57%offTRUST DENIM Black Rainbow 505 Celana Denim selvedge accent  - Black Denim OriginalRp420.000Rp179.999388 TerjualKAB. BANDUNG","https://shopee.co.id/TRUST-DENIM-Black-Rainbow-505-Celana-Denim-selvedge-accent-Black-Denim-Original-i.79588850.2107775561?sp_atk=4fcd1cbc-43dd-4d92-b07e-abce0cd6d207&xptdk=4fcd1cbc-43dd-4d92-b07e-abce0cd6d207","null","null","null","null","null"
"1668867386-86","https://shopee.co.id/mall/brands/11042849","Troy.","https://shopee.co.id/troycompany","","681","98% (hitungan jam)","93RB","4.8 (43,1RB penilaian)","4 tahun lalu","null","KAB. SLEMAN","Troy Company Gelang Tangan Black GL 106Rp10.0007,2RB TerjualKAB. SLEMAN","https://shopee.co.id/Troy-Company-Gelang-Tangan-Black-GL-106-i.132593038.4131694080?sp_atk=906e9724-dc16-4e75-8cf5-7bc91a01772f&xptdk=906e9724-dc16-4e75-8cf5-7bc91a01772f","null","null","null","null","null"
"1668867416-87","https://shopee.co.id/mall/brands/11042849","Troveast","https://shopee.co.id/troveast","","117","85% (hitungan jam)","255,6RB","4.6 (215,4RB penilaian)","6 tahun lalu","null","KOTA TANGERANG","44%offTroveast Jaket Outdoor WaterproofDiskon Rp20RBMurah LebayRp300.000Rp169.00010RB+ TerjualKOTA TANGERANG","https://shopee.co.id/Troveast-Jaket-Outdoor-Waterproof-i.7791565.41661639?sp_atk=88ea5efb-9a69-4ef3-8c5d-952d172920e2&xptdk=88ea5efb-9a69-4ef3-8c5d-952d172920e2","null","null","null","null","null"
"1668867442-88","https://shopee.co.id/mall/brands/11042849","Trousary","https://shopee.co.id/trousaryofficial","","43","100% (hitungan menit)","3,5RB","4.8 (4,9RB penilaian)","3 tahun lalu","null","KAB. BANDUNG","39%offTrousary Sweater  Hoodie Zipper / Sleting Original Size S M L XL XXLDiskon 50%Rp85.000 - Rp130.0001,1RB TerjualKAB. BANDUNG","https://shopee.co.id/Trousary-Sweater-Hoodie-Zipper-Sleting-Original-Size-S-M-L-XL-XXL-i.180630585.5372680447?sp_atk=a7fef8f5-4fce-49c5-8ff5-99f476239bb0&xptdk=a7fef8f5-4fce-49c5-8ff5-99f476239bb0","null","null","null","null","null"
"1668867467-89","https://shopee.co.id/mall/brands/11042849","Trondheim","https://shopee.co.id/trondheimoriginal","","153","96% (hitungan jam)","19,1RB","4.8 (26,5RB penilaian)","4 tahun lalu","null","KOTA CIMAHI","75%offTrondheim Celana Jeans Slim Fit PriaRp99.000 - Rp139.0005,6RB TerjualKOTA CIMAHI","https://shopee.co.id/Trondheim-Celana-Jeans-Slim-Fit-Pria-i.119232628.2200142141?sp_atk=27feecd3-43a9-4f85-9f46-efc2779f4118&xptdk=27feecd3-43a9-4f85-9f46-efc2779f4118","null","null","null","null","null"
"1668867498-90","https://shopee.co.id/mall/brands/11042849","Triple","https://shopee.co.id/triplejeans","","462","85% (hitungan jam)","30,4RB","4.8 (12,3RB penilaian)","3 tahun lalu","null","KOTA SURABAYA","60%offTRIPLE Ladies Celana Jeans Stretch Slim Fit (94 777 GW)Diskon Rp7RBRp425.000Rp170.000690 TerjualKOTA SURABAYA","https://shopee.co.id/TRIPLE-Ladies-Celana-Jeans-Stretch-Slim-Fit-(94-777-GW)-i.175328065.6419139281?sp_atk=6e5e6199-3078-4a90-8a01-cb08d2905d91&xptdk=6e5e6199-3078-4a90-8a01-cb08d2905d91","null","null","null","null","null"
"1668867526-91","https://shopee.co.id/mall/brands/11042849","trepel","https://shopee.co.id/trepel.co","","38","79% (hitungan jam)","639","4.8 (419 penilaian)","7 bulan lalu","null","KOTA BANDUNG","27%offTrepel.Co Celana Cargo Pendek Warna Abu Muda Free Gantungan KunciDiskon Rp2RBPilih 3, diskon Rp5.000Rp124.700 - Rp175.000215 TerjualKOTA BANDUNG","https://shopee.co.id/Trepel.Co-Celana-Cargo-Pendek-Warna-Abu-Muda-Free-Gantungan-Kunci-i.754871962.19724584257?sp_atk=ce8966f2-7cd3-492c-a632-bcecc27f0e9b&xptdk=ce8966f2-7cd3-492c-a632-bcecc27f0e9b","null","null","null","null","null"
"1668867556-92","https://shopee.co.id/mall/brands/11042849","Tozicozy","https://shopee.co.id/tozicozy","","174","98% (hitungan jam)","23,6RB","4.8 (8,2RB penilaian)","4 tahun lalu","null","KAB. BANDUNG","Tozicozy Zein Tas Sling Bag Pria Warna Hitam Waterproof Bahan BimoDiskon 50%Hadiah GratisRp159.000349 TerjualKAB. BANDUNG","https://shopee.co.id/Tozicozy-Zein-Tas-Sling-Bag-Pria-Warna-Hitam-Waterproof-Bahan-Bimo-i.130851767.7894154586?sp_atk=7775605b-e1bb-4ae4-a5d2-ceb521dcc218&xptdk=7775605b-e1bb-4ae4-a5d2-ceb521dcc218","null","null","null","null","null"
"1668867580-93","https://shopee.co.id/mall/brands/11042849","TOPTEN","https://shopee.co.id/toptenofficial","","208","87% (hitungan jam)","11,9RB","4.7 (1,9RB penilaian)","4 tahun lalu","null","KOTA SURABAYA","52%offTOPTEN Celana Dalam Pria Boxer Premium Topten SportDiskon 10%Rp99.000Rp48.000685 TerjualKOTA SURABAYA","https://shopee.co.id/TOPTEN-Celana-Dalam-Pria-Boxer-Premium-Topten-Sport-i.96058796.6010357260?sp_atk=f96904d4-1df4-4338-ae1a-e6807a9d42f6&xptdk=f96904d4-1df4-4338-ae1a-e6807a9d42f6","null","null","null","null","null"
"1668867618-94","https://shopee.co.id/mall/brands/11042849","TopOne88","https://shopee.co.id/topone88","","289","97% (hitungan jam)","104,9RB","4.7 (150,8RB penilaian)","6 tahun lalu","null","KOTA JAKARTA BARAT","40%offTopone88 Jaket Royal Hoodie Zipper Anak Laki Perempuan UnisexMurah LebayRp100.000Rp60.00010RB+ TerjualKOTA JAKARTA BARAT","https://shopee.co.id/Topone88-Jaket-Royal-Hoodie-Zipper-Anak-Laki-Perempuan-Unisex-i.19222953.784901261?sp_atk=25ddb2d9-b5aa-4945-8fb6-a339f2c6ed44&xptdk=25ddb2d9-b5aa-4945-8fb6-a339f2c6ed44","null","null","null","null","null"
"1668867643-95","https://shopee.co.id/mall/brands/11042849","Tootsie","https://shopee.co.id/tootsie.official","","60","88% (hitungan jam)","3,8RB","4.9 (767 penilaian)","8 bulan lalu","null","KOTA BANDUNG","TOOTSIE - Caen T-Shirt -  AdultRp169.900236 TerjualKOTA BANDUNG","https://shopee.co.id/TOOTSIE-Caen-T-Shirt-Adult-i.737806720.17560654763?sp_atk=ed7ed873-8e6f-485e-84c9-bbd150e653b6&xptdk=ed7ed873-8e6f-485e-84c9-bbd150e653b6","null","null","null","null","null"
"1668867682-96","https://shopee.co.id/mall/brands/11042849","Tootal Underwear","https://shopee.co.id/tootal.official","","24","27% (hitungan jam)","293","4.9 (255 penilaian)","24 bulan lalu","null","KOTA TANGERANG SELATAN","Tootal Celana Dalam Pria Mini Brief 3 Warna / pack - TTOB03M3CRp89.90030 TerjualKOTA TANGERANG SELATAN","https://shopee.co.id/Tootal-Celana-Dalam-Pria-Mini-Brief-3-Warna-pack-TTOB03M3C-i.338429743.5567484831?sp_atk=0b0debd8-d593-412f-bfe6-8d267d16e024&xptdk=0b0debd8-d593-412f-bfe6-8d267d16e024","null","null","null","null","null"
"1668867709-97","https://shopee.co.id/mall/brands/11042849","Tootal","https://shopee.co.id/tootal","","83","74% (hitungan jam)","529","4.9 (196 penilaian)","5 tahun lalu","null","KOTA JAKARTA TIMUR","50%offTootal Kemeja Pria Lengan Panjang Stripe 272 BlueDiskon 50%Rp688.000Rp344.00012 TerjualKOTA JAKARTA TIMUR","https://shopee.co.id/Tootal-Kemeja-Pria-Lengan-Panjang-Stripe-272-Blue-i.39412025.7941584422?sp_atk=c8dccb57-b334-47f5-8fef-182b9d201c4e&xptdk=c8dccb57-b334-47f5-8fef-182b9d201c4e","null","null","null","null","null"
"1668867744-98","https://shopee.co.id/mall/brands/11042849","TOMS PROJECT","https://shopee.co.id/tomsproject.id","","160","93% (hitungan jam)","38,7RB","4.8 (11,9RB penilaian)","5 tahun lalu","null","KOTA BANDUNG","63%offToms Project Tshirt Saint Muerte - Kaos PriaDiskon Rp5RBPilih 3, bayar Rp195.000Rp185.000Rp69.0002,8RB TerjualKOTA BANDUNG","https://shopee.co.id/Toms-Project-Tshirt-Saint-Muerte-Kaos-Pria-i.55255133.3297105846?sp_atk=87071a41-bf3a-4ff7-99b9-3a713113edbe&xptdk=87071a41-bf3a-4ff7-99b9-3a713113edbe","null","null","null","null","null"
"1668867793-99","https://shopee.co.id/mall/brands/11042849","Tommy Hilfinger","https://shopee.co.id/tommyhilfigerofficial","","159","100% (hitungan menit)","14%","17,9RB","4.8 (197 penilaian)","null","KAB. BOGOR","30%offTommy Hilfiger - REGULAR FIT TOMMY TIPPED POLO 2 - BLACKDiskon Rp15RBRp1.390.000Rp973.0007 TerjualKAB. BOGOR","https://shopee.co.id/Tommy-Hilfiger-REGULAR-FIT-TOMMY-TIPPED-POLO-2-BLACK-i.338434182.20349514959?sp_atk=deaa9482-93b4-424b-9671-d4fac16272cd&xptdk=deaa9482-93b4-424b-9671-d4fac16272cd","null","null","null","null","null"
"1668867826-100","https://shopee.co.id/mall/brands/11042849","Tokocrypto","https://shopee.co.id/tokocrypto_official","","21","50%","20%","43","5.0 (4 penilaian)","null","KOTA JAKARTA SELATAN","Tokocrypto - Astronauts Skate Black - Size MRp180.0002 TerjualKOTA JAKARTA SELATAN","https://shopee.co.id/Tokocrypto-Astronauts-Skate-Black-Size-M-i.637852336.19844837626?sp_atk=72ffae75-8750-4862-aafc-df8253e39501&xptdk=72ffae75-8750-4862-aafc-df8253e39501","null","null","null","null","null"
"1668867851-101","https://shopee.co.id/mall/brands/11042849","TNGR","https://shopee.co.id/tngrdeadly","","650","77% (hitungan jam)","28,3RB","4.8 (9,6RB penilaian)","5 tahun lalu","null","KAB. SLEMAN","55%offTNGR Deadly T-Shirt ZHOCX Blue TeesDiskon Rp7,77RBRp165.000Rp75.000211 TerjualKAB. SLEMAN","https://shopee.co.id/TNGR-Deadly-T-Shirt-ZHOCX-Blue-Tees-i.38323773.8642501922?sp_atk=f0d379b1-8c90-46a3-b88c-3bf30c80352f&xptdk=f0d379b1-8c90-46a3-b88c-3bf30c80352f","null","null","null","null","null"
"1668867896-102","https://shopee.co.id/mall/brands/11042849","Tizzly","https://shopee.co.id/tizzly.co","","13","88% (hitungan jam)","3,9RB","4.8 (2RB penilaian)","29 bulan lalu","null","KOTA CIMAHI","35%offTizzly Avernus Varian2Rp187.850 - Rp203.550385 TerjualKOTA CIMAHI","https://shopee.co.id/Tizzly-Avernus-Varian2-i.279384362.3260542535?sp_atk=f95daeee-5252-47ee-99d7-e0e0fb75265a&xptdk=f95daeee-5252-47ee-99d7-e0e0fb75265a","null","null","null","null","null"
"1668867932-103","https://shopee.co.id/mall/brands/11042849","Tirajeans","https://shopee.co.id/tirajeansofficial","","439","62% (hitungan jam)","31,5RB","4.8 (8,5RB penilaian)","5 tahun lalu","null","KOTA BEKASI","25%offTirajeans T-Shirts L/S TTL205K40004S21 BlackDiskon Rp20RBPilih 2, diskon 30%Rp179.900Rp134.925218 TerjualKOTA BEKASI","https://shopee.co.id/Tirajeans-T-Shirts-L-S-TTL205K40004S21-Black-i.55934463.8148573584?sp_atk=37ec8eaa-f4e9-4ddc-b9dd-082b49ec3926&xptdk=37ec8eaa-f4e9-4ddc-b9dd-082b49ec3926","null","null","null","null","null"
"1668867956-104","https://shopee.co.id/mall/brands/11042849","TIMONOSD","https://shopee.co.id/timonosd.co","","313","61% (hitungan jam)","60,5RB","4.7 (18,5RB penilaian)","5 tahun lalu","null","KOTA TANGERANG SELATAN","Timonosd Crewneck Tmnsd “Had “Rp210.000544 TerjualKOTA TANGERANG SELATAN","https://shopee.co.id/Timonosd-Crewneck-Tmnsd-%E2%80%9CHad-%E2%80%9C-i.51123839.3841831780?sp_atk=9736a233-d84a-4e7b-8dc6-c6687cd133a7&xptdk=9736a233-d84a-4e7b-8dc6-c6687cd133a7","null","null","null","null","null"
"1668867984-105","https://shopee.co.id/mall/brands/11042849","Timberland","https://shopee.co.id/timberlandofficial","","897","100% (hitungan jam)","31,8RB","4.9 (1,6RB penilaian)","32 bulan lalu","null","KOTA TANGERANG SELATAN","Timberland Women 6In Prem Boot Wheat Nubuck-TB010361713Diskon Rp25RBRp3.790.00016 TerjualKOTA TANGERANG SELATAN","https://shopee.co.id/Timberland-Women-6In-Prem-Boot-Wheat-Nubuck-TB010361713-i.240533996.7638556753?sp_atk=bae997e1-091b-4aa7-a29e-5a379e7c5d55&xptdk=bae997e1-091b-4aa7-a29e-5a379e7c5d55","null","null","null","null","null"
"1668868034-106","https://shopee.co.id/mall/brands/11042849","Tightless","https://shopee.co.id/tightless","","25","57%","341","4.7 (35 penilaian)","23 bulan lalu","null","KOTA BANDUNG","62%offTightless Sweater Pullover Hoodie LethargyRp449.000Rp169.0008 TerjualKOTA BANDUNG","https://shopee.co.id/Tightless-Sweater-Pullover-Hoodie-Lethargy-i.362960731.3483261058?sp_atk=ac28f236-6d08-477b-85c5-7edab9b6527b&xptdk=ac28f236-6d08-477b-85c5-7edab9b6527b","null","null","null","null","null"
"1668868061-107","https://shopee.co.id/mall/brands/11042849","Throox","https://shopee.co.id/throoxoriginal","","377","98% (hitungan jam)","145,9RB","4.8 (48,2RB penilaian)","4 tahun lalu","null","KAB. SUKOHARJO","49%offThroox T-Shirt kaos hitam ||THRX Good Smilow BlackDiskon Rp5RBPilih 3, bayar Rp250.000Rp175.000Rp89.0001,6RB TerjualKAB. SUKOHARJO","https://shopee.co.id/Throox-T-Shirt-kaos-hitam-THRX-Good-Smilow-Black-i.118571446.7526533289?sp_atk=d207a5d8-1e2e-42c7-9728-8a0ec00e3798&xptdk=d207a5d8-1e2e-42c7-9728-8a0ec00e3798","null","null","null","null","null"
"1668868111-108","https://shopee.co.id/mall/brands/11042849","Thistimebrand","https://shopee.co.id/thistimebrand","","1,2RB","94% (hitungan jam)","83,4RB","4.7 (24,1RB penilaian)","4 tahun lalu","null","KOTA BEKASI","This Time Brand Paket Hemat Murah Meriah , Geser Ke KananDiskon Rp5RBKombo HematRp200.000600 TerjualKOTA BEKASI","https://shopee.co.id/This-Time-Brand-Paket-Hemat-Murah-Meriah-Geser-Ke-Kanan-i.86409600.6045631676?sp_atk=e8d8f152-8a0b-4531-a1f6-52095445a4c4&xptdk=e8d8f152-8a0b-4531-a1f6-52095445a4c4","null","null","null","null","null"
"1668868320-109","https://shopee.co.id/mall/brands/11042849","This is April","https://shopee.co.id/thisisapril","","857","99% (hitungan jam)","755,1RB","4.9 (108,1RB penilaian)","5 tahun lalu","null","KOTA JAKARTA UTARA","This Is April Jaket Jeans Wanita Fender Jackets Denim – 181503Diskon Rp10RBRp279.0001,1RB TerjualKOTA JAKARTA UTARA","https://shopee.co.id/This-Is-April-Jaket-Jeans-Wanita-Fender-Jackets-Denim-%E2%80%93-181503-i.60731464.6383449442?sp_atk=54775d11-000a-43a7-86f8-95c25339b167&xptdk=54775d11-000a-43a7-86f8-95c25339b167","null","null","null","null","null"
"1668868351-110","https://shopee.co.id/mall/brands/11042849","The Slank Store","https://shopee.co.id/theslankstore","","308","76% (hitungan jam)","19,8RB","4.9 (11,2RB penilaian)","5 tahun lalu","null","KOTA JAKARTA SELATAN","Vaksin Slank Vol.24Rp100.000778 TerjualKOTA JAKARTA SELATAN","https://shopee.co.id/Vaksin-Slank-Vol.24-i.69584395.4676992447?sp_atk=cf2be560-31d9-4750-922d-afa8d22ff5f3&xptdk=cf2be560-31d9-4750-922d-afa8d22ff5f3","null","null","null","null","null"
"1668868376-111","https://shopee.co.id/mall/brands/11042849","The Monseur Gallery","https://shopee.co.id/themonseurgallery","","693","100% (hitungan menit)","30,3RB","4.7 (4,2RB penilaian)","3 bulan lalu","null","KOTA SURABAYA","50%offThe Monseur Gallery T-shirt Oversize Blue Heart | Kaos HitamDiskon Rp5RBPilih 2, diskon Rp2.000Rp130.000Rp65.000718 TerjualKOTA SURABAYA","https://shopee.co.id/The-Monseur-Gallery-T-shirt-Oversize-Blue-Heart-Kaos-Hitam-i.836627177.20342770371?sp_atk=0751edf8-3144-4b3a-b403-ad16698bd3b7&xptdk=0751edf8-3144-4b3a-b403-ad16698bd3b7","null","null","null","null","null"
"1668868551-112","https://shopee.co.id/mall/brands/11042849","The Goods Dept","https://shopee.co.id/thegoodsdeptofficial","","1RB","76% (hitungan jam)","70,5RB","4.9 (13,6RB penilaian)","34 bulan lalu","null","KAB. TANGERANG","The Goods Dept - Totebag Jakarta CreamDiskon Rp10RBRp169.0001,4RB TerjualKAB. TANGERANG","https://shopee.co.id/The-Goods-Dept-Totebag-Jakarta-Cream-i.217272417.5514381651?sp_atk=1f348dbf-2edd-4c6c-a362-7971e5407345&xptdk=1f348dbf-2edd-4c6c-a362-7971e5407345","null","null","null","null","null"
"1668868606-113","https://shopee.co.id/mall/brands/11042849","The Don's House","https://shopee.co.id/thedonshouse","","458","99% (hitungan jam)","86,6RB","4.8 (38,5RB penilaian)","4 tahun lalu","null","KOTA BANDAR LAMPUNG","27%offCelana Jeans / Denim Raw Shellstitch 15 OZ - Camden BL WH Tobacco  Arteesan ThedonshouseRp395.000Rp289.9001,2RB TerjualKOTA BANDAR LAMPUNG","https://shopee.co.id/Celana-Jeans-Denim-Raw-Shellstitch-15-OZ-Camden-BL-WH-Tobacco-Arteesan-Thedonshouse-i.87810418.6532398335?sp_atk=c554b9f4-f96c-448d-b95d-173325883170&xptdk=c554b9f4-f96c-448d-b95d-173325883170","null","null","null","null","null"
"1668868635-114","https://shopee.co.id/mall/brands/11042849","The Dexter.Inv","https://shopee.co.id/thedexterinv","","65","47% (hitungan jam)","934","4.8 (322 penilaian)","16 bulan lalu","null","KOTA BANDUNG","50%offDexter Coach Jacket Tomoe Gozen Black DXTR00055Diskon Rp5RBRp175.000 - Rp350.00023 TerjualKOTA BANDUNG","https://shopee.co.id/Dexter-Coach-Jacket-Tomoe-Gozen-Black-DXTR00055-i.490886868.10859170570?sp_atk=33ddbb38-af8f-4084-b42a-6fa9a1d45a86&xptdk=33ddbb38-af8f-4084-b42a-6fa9a1d45a86","null","null","null","null","null"
"1668868661-115","https://shopee.co.id/mall/brands/11042849","Thankinsomnia","https://shopee.co.id/thanksinsomniastore","","2,2RB","78% (hitungan jam)","349,7RB","4.8 (266,4RB penilaian)","4 tahun lalu","null","KOTA TANGERANG SELATAN","70%offRing (Eden) SilverRp100.000Rp30.0005,4RB TerjualKOTA TANGERANG SELATAN","https://shopee.co.id/Ring-(Eden)-Silver-i.105016838.12321562407?sp_atk=a1b9abac-1b05-483f-a1d9-e5c79ee51f14&xptdk=a1b9abac-1b05-483f-a1d9-e5c79ee51f14","null","null","null","null","null"
"1668868685-116","https://shopee.co.id/mall/brands/11042849","terasrumahmu","https://shopee.co.id/terasrumahmu.official","","208","21% (hitungan jam)","null","8,3RB","4.9 (489 penilaian)","null","KAB. SLEMAN","terasrumahmu - Kaus Baju kerjaRp129.000 - Rp179.00058 TerjualKAB. SLEMAN","https://shopee.co.id/terasrumahmu-Kaus-Baju-kerja-i.336374556.8253656423?sp_atk=bacf469c-78de-4729-8a24-91c798c94880&xptdk=bacf469c-78de-4729-8a24-91c798c94880","null","null","null","null","null"
"1668868717-117","https://shopee.co.id/mall/brands/11042849","Tenun Eboon","https://shopee.co.id/tenuneboon","","59","22% (hitungan jam)","342","5.0 (3 penilaian)","6 tahun lalu","null","KOTA BEKASI","Tenun eBoon Kemeja Tenun Ikat Lengan Panjang Magenta HitamRp1.799.0001 TerjualKOTA BEKASI","https://shopee.co.id/Tenun-eBoon-Kemeja-Tenun-Ikat-Lengan-Panjang-Magenta-Hitam-i.7495530.4567681282?sp_atk=8ca6276d-ee55-43e1-936f-4fa5db77094c&xptdk=8ca6276d-ee55-43e1-936f-4fa5db77094c","null","null","null","null","null"
"1668868746-118","https://shopee.co.id/mall/brands/11042849","Tenue De Attire","https://shopee.co.id/tenuedeattire","","504","77% (hitungan jam)","39,9RB","4.8 (13,5RB penilaian)","28 bulan lalu","null","KOTA JAKARTA SELATAN","45%offKemeja Tenue de Attire - City Camp Collar Shirt Premium Linen Black Short SleeveDiskon Rp20RBRp339.000Rp184.999136 TerjualKOTA JAKARTA SELATAN","https://shopee.co.id/Kemeja-Tenue-de-Attire-City-Camp-Collar-Shirt-Premium-Linen-Black-Short-Sleeve-i.285709973.16987219656?sp_atk=c6a5bf86-5262-47c2-8022-f818129a45f5&xptdk=c6a5bf86-5262-47c2-8022-f818129a45f5","null","null","null","null","null"
"1668868774-119","https://shopee.co.id/mall/brands/11042849","Tendencies","https://shopee.co.id/tendencies.id","","264","100% (hitungan jam)","133,6RB","4.8 (68,2RB penilaian)","5 tahun lalu","null","KOTA JAKARTA SELATAN","65%offTendencies Tndcs Solid BeltCashback 50%Hadiah GratisRp100.000Rp35.00010RB+ TerjualKOTA JAKARTA SELATAN","https://shopee.co.id/Tendencies-Tndcs-Solid-Belt-i.23699131.2994950606?sp_atk=727d9b23-5ee8-4cba-9268-a3cf12b1faa3&xptdk=727d9b23-5ee8-4cba-9268-a3cf12b1faa3","null","null","null","null","null"
"1668868807-120","https://shopee.co.id/mall/brands/11042849","Teenage Werewolf","https://shopee.co.id/teenagewerewolf","","67","88% (hitungan jam)","4,7RB","4.8 (483 penilaian)","14 bulan lalu","null","KOTA BANDUNG","42%offTeenage Werewolf Tshirt Kaos Lengan Panjang Find BlackDiskon 50%Pilih 2, diskon Rp10.000Rp209.000Rp121.22022 TerjualKOTA BANDUNG","https://shopee.co.id/Teenage-Werewolf-Tshirt-Kaos-Lengan-Panjang-Find-Black-i.537320260.12933015925?sp_atk=d38b0e3e-dd4b-4f1b-85be-eccb5356fb50&xptdk=d38b0e3e-dd4b-4f1b-85be-eccb5356fb50","null","null","null","null","null"
"1668868831-121","https://shopee.co.id/mall/brands/11042849","Tangkelek","https://shopee.co.id/kadai.tangkelek","","666","96% (hitungan jam)","6RB","4.8 (3,6RB penilaian)","31 bulan lalu","null","KAB. AGAM","Tangkelek Baju Kaos Big Size Aden Minang Warna MerahRp115.00033 TerjualKAB. AGAM","https://shopee.co.id/Tangkelek-Baju-Kaos-Big-Size-Aden-Minang-Warna-Merah-i.253533744.7833722211?sp_atk=56706605-50f0-4137-9a14-883dc96d36f9&xptdk=56706605-50f0-4137-9a14-883dc96d36f9","null","null","null","null","null"
"1668868857-122","https://shopee.co.id/mall/brands/11042849","TAGS","https://shopee.co.id/tagsindonesia","","48","88% (hitungan jam)","1,8RB","4.9 (643 penilaian)","3 tahun lalu","null","KOTA JAKARTA TIMUR","43%offTAGS - Sandal BodrexRp39.500Rp22.500811 TerjualKOTA JAKARTA TIMUR","https://shopee.co.id/TAGS-Sandal-Bodrex-i.175696151.4269744447?sp_atk=36c99421-4c72-4011-aa87-df859826e19f&xptdk=36c99421-4c72-4011-aa87-df859826e19f","null","null","null","null","null"
"1668868884-123","https://shopee.co.id/mall/brands/11042849","TAFT","https://shopee.co.id/taftunderwear","","42","81% (hitungan jam)","223","4.8 (154 penilaian)","21 bulan lalu","null","KOTA JAKARTA BARAT","2%offTaft - 2pcs Celana Dalam Pria Boxer Pendek CD Cowok Karet Besar TM 5212 ADiskon Rp5RBRp72.500Rp71.05056 TerjualKOTA JAKARTA BARAT","https://shopee.co.id/Taft-2pcs-Celana-Dalam-Pria-Boxer-Pendek-CD-Cowok-Karet-Besar-TM-5212-A-i.383719006.9317224483?sp_atk=4e93af4c-2a17-46c9-b2c7-3de66f801959&xptdk=4e93af4c-2a17-46c9-b2c7-3de66f801959","null","null","null","null","null"
"1668868911-124","https://shopee.co.id/mall/brands/11042849","T-Kaos","https://shopee.co.id/tkaos.id","","54","78% (hitungan jam)","4,2RB","4.8 (2,3RB penilaian)","32 bulan lalu","null","KOTA JAKARTA SELATAN","Kaos Polos Cotton Combed 30s | SMALL SIZEDiskon Rp10RBRp99.000549 TerjualKOTA JAKARTA SELATAN","https://shopee.co.id/Kaos-Polos-Cotton-Combed-30s-SMALL-SIZE-i.236433285.11002982711?sp_atk=09f86417-28d0-430d-810a-3eb18248e14e&xptdk=09f86417-28d0-430d-810a-3eb18248e14e","null","null","null","null","null"
"1668868936-125","https://shopee.co.id/mall/brands/11042849","Symposia!","https://shopee.co.id/symposia_store","","443","96% (hitungan jam)","69,2RB","4.8 (40,2RB penilaian)","31 bulan lalu","null","KAB. BANDUNG","47%offSymposia! - Tshrit Longsleeve - Symps - BlackPilih 3, bayar Rp249.000Rp160.000Rp85.0001,1RB TerjualKAB. BANDUNG","https://shopee.co.id/Symposia!-Tshrit-Longsleeve-Symps-Black-i.244530371.9911175745?sp_atk=ef71497e-b96f-4967-bb64-f75bdbd0af7e&xptdk=ef71497e-b96f-4967-bb64-f75bdbd0af7e","null","null","null","null","null"
"1668868960-126","https://shopee.co.id/mall/brands/11042849","SYMPLE.CO","https://shopee.co.id/symple.co","","37","88% (hitungan jam)","14,4RB","4.7 (8,2RB penilaian)","3 tahun lalu","null","KAB. BANDUNG","SYMPLE.CO - Cargo Pants Pria / Celana Cargo Panjang Pria Standard Hijau ArmyDiskon Rp5RBRp135.000 - Rp150.0006,5RB TerjualKAB. BANDUNG","https://shopee.co.id/SYMPLE.CO-Cargo-Pants-Pria-Celana-Cargo-Panjang-Pria-Standard-Hijau-Army-i.197248649.7846116802?sp_atk=f42a373e-bd93-42a4-85be-0f1b1e02e678&xptdk=f42a373e-bd93-42a4-85be-0f1b1e02e678","null","null","null","null","null"
"1668868991-127","https://shopee.co.id/mall/brands/11042849","SWEATERPOLOS.ID","https://shopee.co.id/sweaterpolosid","","399","99% (hitungan menit)","1,7JT","4.8 (904,2RB penilaian)","5 tahun lalu","null","KAB. TANGERANG","40%offSWEPO  Basic Sweater Polos Size M - XXL( Pria & Wanita )Pilih 2, diskon 3%Rp64.500 - Rp74.90010RB+ TerjualKAB. TANGERANG","https://shopee.co.id/SWEPO-Basic-Sweater-Polos-Size-M-XXL(-Pria-Wanita-)-i.56474103.1818590636?sp_atk=bfc6e95a-9a71-47e4-8e8a-78ad840fe11b&xptdk=bfc6e95a-9a71-47e4-8e8a-78ad840fe11b","null","null","null","null","null"
"1668869021-128","https://shopee.co.id/mall/brands/11042849","Svrplvs Studio","https://shopee.co.id/srplsstd","","67","93% (hitungan jam)","8,2RB","4.8 (474 penilaian)","25 bulan lalu","null","KOTA BANDUNG","40%offSVRPLVS STUDIO Hoodie Learn To FlightPilih 2, bayar Rp135.000Rp425.000Rp255.00018 TerjualKOTA BANDUNG","https://shopee.co.id/SVRPLVS-STUDIO-Hoodie-Learn-To-Flight-i.320046627.15947278810?sp_atk=19e5422b-07cb-4261-8bbc-25e34bb427f4&xptdk=19e5422b-07cb-4261-8bbc-25e34bb427f4","null","null","null","null","null"
"1668869173-129","https://shopee.co.id/mall/brands/11042849","Sutra Putih","https://shopee.co.id/batiksutraputih","","91","78% (hitungan jam)","1,9RB","4.9 (2RB penilaian)","4 tahun lalu","null","KOTA JAKARTA PUSAT","Sutra Putih - Seragam Batik PNS Wanita KORPRI - Badan Furing HeroRp269.000 - Rp379.0001,4RB TerjualKOTA JAKARTA PUSAT","https://shopee.co.id/Sutra-Putih-Seragam-Batik-PNS-Wanita-KORPRI-Badan-Furing-Hero-i.131971415.6513482779?sp_atk=b9399242-d2cb-46a1-bad2-fb6b7e22b8e0&xptdk=b9399242-d2cb-46a1-bad2-fb6b7e22b8e0","null","null","null","null","null"
"1668869200-130","https://shopee.co.id/mall/brands/11042849","Surfakiller","https://shopee.co.id/surfakillerstore","","192","96% (hitungan jam)","24,5RB","4.7 (9,3RB penilaian)","4 tahun lalu","null","KOTA MALANG","Surfakiller Shortpant Jeans RippedRp110.0001,8RB TerjualKOTA MALANG","https://shopee.co.id/Surfakiller-Shortpant-Jeans-Ripped-i.122716221.11939615115?sp_atk=c9a8c52e-4844-4fc5-8222-cb2e75d72682&xptdk=c9a8c52e-4844-4fc5-8222-cb2e75d72682","null","null","null","null","null"
"1668869225-131","https://shopee.co.id/mall/brands/11042849","SUPEREGO","https://shopee.co.id/superego.co","","456","99% (hitungan jam)","86RB","4.8 (38,1RB penilaian)","4 tahun lalu","null","KOTA JAKARTA PUSAT","37%offSuperego Celana Cargo Pants Pria Jeans Reguler Loose fit Standard Denim Washed Snow Black SCPDW01DDiskon Rp20RBRp284.500 - Rp450.0003,6RB TerjualKOTA JAKARTA PUSAT","https://shopee.co.id/Superego-Celana-Cargo-Pants-Pria-Jeans-Reguler-Loose-fit-Standard-Denim-Washed-Snow-Black-SCPDW01D-i.135810858.9714763598?sp_atk=fa3583e7-24be-448d-b809-4ac43fdc189e&xptdk=fa3583e7-24be-448d-b809-4ac43fdc189e","null","null","null","null","null"
"1668869251-132","https://shopee.co.id/mall/brands/11042849","Superdry","https://shopee.co.id/superdry.official","","2,3RB","99% (hitungan jam)","6,9RB","4.7 (255 penilaian)","17 bulan lalu","null","KOTA BEKASI","25%offSuperdry Reversible Canvas Belt Unisex 02Diskon 5%Rp509.000Rp381.7504 TerjualKOTA BEKASI","https://shopee.co.id/Superdry-Reversible-Canvas-Belt-Unisex-02-i.462217384.11310751382?sp_atk=c5a1ad95-4823-4b66-8282-39f82e4077da&xptdk=c5a1ad95-4823-4b66-8282-39f82e4077da","null","null","null","null","null"
"1668869277-133","https://shopee.co.id/mall/brands/11042849","SUNDAYROSE","https://shopee.co.id/sundayrose.co","","275","82% (hitungan jam)","17,6RB","4.8 (3,3RB penilaian)","4 tahun lalu","null","KAB. KUDUS","30%offSUNDAYROSE T-shirt AGROSES BlackRp150.000Rp105.000321 TerjualKAB. KUDUS","https://shopee.co.id/SUNDAYROSE-T-shirt-AGROSES-Black-i.84654093.3035256007?sp_atk=62f53c85-a606-4f8b-adfd-d0f50b7edd1d&xptdk=62f53c85-a606-4f8b-adfd-d0f50b7edd1d","null","null","null","null","null"
"1668869335-134","https://shopee.co.id/mall/brands/11042849","Suji Lab","https://shopee.co.id/suji.lab","","62","64% (hitungan jam)","8,7RB","4.9 (4,1RB penilaian)","21 bulan lalu","null","KAB. BANDUNG BARAT","41%offSUJI LAB Kaos Polos T-Shirt Basic Regular Hitam BlackPilih 3, bayar Rp180.000Rp110.000Rp65.000881 TerjualKAB. BANDUNG BARAT","https://shopee.co.id/SUJI-LAB-Kaos-Polos-T-Shirt-Basic-Regular-Hitam-Black-i.391471783.6379992958?sp_atk=4318a41b-6300-42d9-bfb8-674885a48918&xptdk=4318a41b-6300-42d9-bfb8-674885a48918","null","null","null","null","null"
"1668869360-135","https://shopee.co.id/mall/brands/11042849","SUICIDE ANTHEM","https://shopee.co.id/suicide_anthem","","131","98% (hitungan jam)","16,1RB","4.8 (3,6RB penilaian)","5 tahun lalu","null","KOTA BEKASI","39%offSUICIDE ANTHEM Longsleeve Engry Oranges (FSR-1488)Diskon Rp7,5RBPilih 2, bayar Rp150.000Rp94.500 - Rp155.00062 TerjualKOTA BEKASI","https://shopee.co.id/SUICIDE-ANTHEM-Longsleeve-Engry-Oranges-(FSR-1488)-i.70043979.2392606719?sp_atk=0db58f69-05e2-40ec-9e47-dc8be1f61259&xptdk=0db58f69-05e2-40ec-9e47-dc8be1f61259","null","null","null","null","null"
"1668869385-136","https://shopee.co.id/mall/brands/11042849","Sucksme","https://shopee.co.id/sucksmecompany","","239","65% (hitungan jam)","4RB","4.6 (596 penilaian)","28 bulan lalu","null","KOTA JAMBI","Sucksme Crewneck Original - Broken WhiteDiskon Rp10RBRp165.000263 TerjualKOTA JAMBI","https://shopee.co.id/Sucksme-Crewneck-Original-Broken-White-i.287573108.4867463499?sp_atk=95a481c8-4596-4c9f-a348-3bb9aea58358&xptdk=95a481c8-4596-4c9f-a348-3bb9aea58358","null","null","null","null","null"
"1668869415-137","https://shopee.co.id/mall/brands/11042849","Stwoz","https://shopee.co.id/stwoz","","46","100% (hitungan menit)","12,8RB","4.7 (10,8RB penilaian)","4 tahun lalu","null","KOTA BANDUNG","20%offStwoz Sweater Hoodie Zipper Polos Original free Gantungan kunciKombo HematRp96.000 - Rp130.0006,1RB TerjualKOTA BANDUNG","https://shopee.co.id/Stwoz-Sweater-Hoodie-Zipper-Polos-Original-free-Gantungan-kunci-i.91269285.1997841355?sp_atk=f824e296-a5fd-4fa9-b67f-fcd529d9ed84&xptdk=f824e296-a5fd-4fa9-b67f-fcd529d9ed84","null","null","null","null","null"
"1668869442-138","https://shopee.co.id/mall/brands/11042849","Straightface Menswear","https://shopee.co.id/straightface","","53","94% (hitungan jam)","17,9RB","4.8 (5,6RB penilaian)","5 tahun lalu","null","KOTA TEGAL","3%offStraightface Menswear Chino Pants Black SlimfitRp193.000Rp187.2101,4RB TerjualKOTA TEGAL","https://shopee.co.id/Straightface-Menswear-Chino-Pants-Black-Slimfit-i.47734515.992869280?sp_atk=9b82b87a-b55f-4883-ba43-b2e2acc77520&xptdk=9b82b87a-b55f-4883-ba43-b2e2acc77520","null","null","null","null","null"
"1668869469-139","https://shopee.co.id/mall/brands/11042849","Steigen.co","https://shopee.co.id/steigen.id","","355","95% (hitungan jam)","112,5RB","4.8 (45,5RB penilaian)","4 tahun lalu","null","KOTA BANDUNG","25%offSteigen Bomber Oslo sueding caramelDiskon Rp11RBMurah LebayRp240.000Rp180.0002,4RB TerjualKOTA BANDUNG","https://shopee.co.id/Steigen-Bomber-Oslo-sueding-caramel-i.72269411.3639889631?sp_atk=4cf638fa-bb69-4503-99a2-9f74669141ec&xptdk=4cf638fa-bb69-4503-99a2-9f74669141ec","null","null","null","null","null"
"1668869494-140","https://shopee.co.id/mall/brands/11042849","Steady & Slow","https://shopee.co.id/steadyandslow","","100","100% (hitungan jam)","12,9RB","4.8 (5,1RB penilaian)","5 tahun lalu","null","KOTA BANDUNG","62%offSteady&Slow - Kurt Black Stripe - Cotton Combed 30SPilih 2, bayar Rp170.000Rp84.095 - Rp98.0004,5RB TerjualKOTA BANDUNG","https://shopee.co.id/Steady-Slow-Kurt-Black-Stripe-Cotton-Combed-30S-i.35244284.4843555879?sp_atk=209d0159-3902-4e6f-a6fe-de8c19200c68&xptdk=209d0159-3902-4e6f-a6fe-de8c19200c68","null","null","null","null","null"
"1668869521-141","https://shopee.co.id/mall/brands/11042849","Stargazers","https://shopee.co.id/stargazers.studio","","220","96% (hitungan jam)","55,9RB","4.8 (13,3RB penilaian)","4 tahun lalu","null","KOTA BANDUNG","51%offStargazers 30s Tshirt Hand of Philosopher BlackDiskon Rp5RBPilih 2, bayar Rp169.000Rp180.000Rp89.000730 TerjualKOTA BANDUNG","https://shopee.co.id/Stargazers-30s-Tshirt-Hand-of-Philosopher-Black-i.84754894.8770231889?sp_atk=762a081b-bd82-4329-8d03-d328f5fddf98&xptdk=762a081b-bd82-4329-8d03-d328f5fddf98","null","null","null","null","null"
"1668869547-142","https://shopee.co.id/mall/brands/11042849","Starcross","https://shopee.co.id/starcross_clothing","","2,2RB","95% (hitungan jam)","215,9RB","4.8 (96,9RB penilaian)","5 tahun lalu","null","KAB. SLEMAN","40%offSTARCROSS Kaos Pria - RAINBOW FONT 2 - BlackDiskon 20%Murah LebayRp178.000Rp106.8001,3RB TerjualKAB. SLEMAN","https://shopee.co.id/STARCROSS-Kaos-Pria-RAINBOW-FONT-2-Black-i.27198500.8522272542?sp_atk=8c7c778b-d5c8-47aa-af75-c36f67ca68e0&xptdk=8c7c778b-d5c8-47aa-af75-c36f67ca68e0","null","null","null","null","null"
"1668869573-143","https://shopee.co.id/mall/brands/11042849","Ssmy.Indonesia","https://shopee.co.id/ssmy.indonesia","","60","99% (hitungan jam)","4,5RB","4.7 (888 penilaian)","5 bulan lalu","null","KAB. BEKASI","62%offSSMY T-SHIRT ZOOM OVERSIZE STYLE KOREA 2022 NEW PRIA DAN WANITA LENGAN PENDEK FOREIGNERDiskon Rp10RBRp169.000Rp65.000287 TerjualKAB. BEKASI","https://shopee.co.id/SSMY-T-SHIRT-ZOOM-OVERSIZE-STYLE-KOREA-2022-NEW-PRIA-DAN-WANITA-LENGAN-PENDEK-FOREIGNER-i.790007878.13095140872?sp_atk=15b10e49-e3b4-4d7e-a144-72a6e7af816f&xptdk=15b10e49-e3b4-4d7e-a144-72a6e7af816f","null","null","null","null","null"
"1668869597-144","https://shopee.co.id/mall/brands/11042849","Srseven7","https://shopee.co.id/srseven7_official","","12","75% (hitungan jam)","54","4.7 (18 penilaian)","11 bulan lalu","null","KAB. KUDUS","43%offSRSEVEN7 Celana Chino Panjang Pria Big SizeDiskon Rp5RBPilih 2, bayar Rp195.000Rp200.000Rp114.00024 TerjualKAB. KUDUS","https://shopee.co.id/SRSEVEN7-Celana-Chino-Panjang-Pria-Big-Size-i.628042310.14393895856?sp_atk=4faeaeaa-8c09-4089-a9b4-83b760e228ca&xptdk=4faeaeaa-8c09-4089-a9b4-83b760e228ca","null","null","null","null","null"
"1668869623-145","https://shopee.co.id/mall/brands/11042849","Sports Station","https://shopee.co.id/sportsstationofficialshop","","7,3RB","87% (hitungan jam)","1,2JT","4.9 (331,1RB penilaian)","32 bulan lalu","null","KOTA BEKASI","Converse CTAS Shoreline Slip Women's Shoes - WhiteRp759.0001,5RB TerjualKOTA BEKASI","https://shopee.co.id/Converse-CTAS-Shoreline-Slip-Women's-Shoes-White-i.234490784.7226112772?sp_atk=ec7127c6-75a9-45fb-aac3-1efe15fa49ca&xptdk=ec7127c6-75a9-45fb-aac3-1efe15fa49ca","null","null","null","null","null"
"1668869972-146","https://shopee.co.id/mall/brands/11042849","Spasmodic","https://shopee.co.id/spasmodicstore","","195","80% (hitungan jam)","35,1RB","4.6 (15,3RB penilaian)","3 tahun lalu","null","KOTA BANDUNG","62%offSpasmodic Crewneck Black KeepMurah LebayRp95.000 - Rp98.8003,2RB TerjualKOTA BANDUNG","https://shopee.co.id/Spasmodic-Crewneck-Black-Keep-i.181335942.2881412316?sp_atk=ddeca2a2-9113-4a66-af6e-ad9ca7b99b27&xptdk=ddeca2a2-9113-4a66-af6e-ad9ca7b99b27","null","null","null","null","null"
"1668869997-147","https://shopee.co.id/mall/brands/11042849","Soybeen Brands","https://shopee.co.id/soybeenbrands","","56","45% (hitungan menit)","711","5.0 (27 penilaian)","3 tahun lalu","null","KAB. TANGERANG","50%offSOYBEEN BRANDS Hoddie butterflyPilih 2, diskon 30%Rp200.000Rp100.0002 TerjualKAB. TANGERANG","https://shopee.co.id/SOYBEEN-BRANDS-Hoddie-butterfly-i.153039429.11401345795?sp_atk=e41879ea-5305-4a2a-9bb9-cb57bd0e5762&xptdk=e41879ea-5305-4a2a-9bb9-cb57bd0e5762","null","null","null","null","null"
"1668870023-148","https://shopee.co.id/mall/brands/11042849","Soulfifteen","https://shopee.co.id/soulfifteen.official","","315","76% (hitungan jam)","190RB","4.8 (72RB penilaian)","31 bulan lalu","null","KOTA BANDUNG","59%offSoulfifteen Footwear Sandal Twopipe - Black WhiteDiskon Rp15RBRp149.000 - Rp159.0002,7RB TerjualKOTA BANDUNG","https://shopee.co.id/Soulfifteen-Footwear-Sandal-Twopipe-Black-White-i.250709169.11427855504?sp_atk=22202957-0fc3-4b1d-b693-5fa43ad66cca&xptdk=22202957-0fc3-4b1d-b693-5fa43ad66cca","null","null","null","null","null"
"1668870049-149","https://shopee.co.id/mall/brands/11042849","Someone","https://shopee.co.id/someone.official","","358","96% (hitungan jam)","27,8RB","4.8 (25,6RB penilaian)","4 tahun lalu","null","KOTA BANDUNG","53%offSomeone T Shirt Glow In The Dark Black 012D CatPilih 2, diskon Rp2.000Rp160.000Rp74.90010RB+ TerjualKOTA BANDUNG","https://shopee.co.id/Someone-T-Shirt-Glow-In-The-Dark-Black-012D-Cat-i.82550139.2375249819?sp_atk=1ca880aa-9eb7-4b8b-a027-547d12a5ba38&xptdk=1ca880aa-9eb7-4b8b-a027-547d12a5ba38","null","null","null","null","null"
"1668870079-150","https://shopee.co.id/mall/brands/11042849","Smooth Basic","https://shopee.co.id/smooth.basic","","215","100% (hitungan jam)","50,9RB","4.8 (36RB penilaian)","20 bulan lalu","null","KOTA BANDUNG","56%offSMOOTH BASIC Oversize The Finest Series - BlackRp180.000Rp79.9003,3RB TerjualKOTA BANDUNG","https://shopee.co.id/SMOOTH-BASIC-Oversize-The-Finest-Series-Black-i.414894640.10231308537?sp_atk=fed9a06c-805a-4848-b39e-64fb3a6f2e01&xptdk=fed9a06c-805a-4848-b39e-64fb3a6f2e01","null","null","null","null","null"
